fiscal_year,quarter,zone_id,department,category,allocated_amount,spent_amount,project_count,completion_rate
2022,1,Z01,infrastructure,infrastructure,10981558.28,10523165.45,21,0.57
2022,1,Z01,safety,safety,9401965.09,8168587.91,18,0.66
2022,1,Z01,sanitation,sanitation,12923493.17,11540097.31,25,0.96
2022,1,Z01,parks,parks,10437356.54,8205989.46,20,0.63
2022,1,Z01,education,education,12742674.65,9135159.04,25,0.56
2022,2,Z01,infrastructure,infrastructure,13952110.58,10516375.56,27,0.94
2022,2,Z01,safety,safety,8816399.84,7249936.86,17,0.66
2022,2,Z01,sanitation,sanitation,11799847.65,10311386.03,23,0.97
2022,2,Z01,parks,parks,9580756.8,7788468.08,19,0.73
2022,2,Z01,education,education,7447291.97,6850606.3,14,0.58
2022,3,Z01,infrastructure,infrastructure,13229673.55,9892326.45,26,0.93
2022,3,Z01,safety,safety,6462211.91,5851225.76,12,0.97
2022,3,Z01,sanitation,sanitation,12749790.63,10763353.84,25,0.66
2022,3,Z01,parks,parks,11075083.49,9561261.95,22,0.86
2022,3,Z01,education,education,11178886.42,9332031.34,22,0.55
2022,4,Z01,infrastructure,infrastructure,15035371.95,10675384.94,30,0.66
2022,4,Z01,safety,safety,7478345.66,6210810.16,14,0.8
2022,4,Z01,sanitation,sanitation,5818815.79,4540641.35,11,0.8
2022,4,Z01,parks,parks,8069213.84,7747239.25,16,0.81
2022,4,Z01,education,education,10133662.77,7511713.28,20,0.74
2023,1,Z01,infrastructure,infrastructure,8978585.65,9227680.76,17,0.62
2023,1,Z01,safety,safety,12186653.46,10825272.95,24,0.79
2023,1,Z01,sanitation,sanitation,9320877.79,7578302.23,18,0.89
2023,1,Z01,parks,parks,9223830.97,8183111.32,18,0.92
2023,1,Z01,education,education,11040654.2,9757175.19,22,0.87
2023,2,Z01,infrastructure,infrastructure,14389304.7,11959741.44,28,0.84
2023,2,Z01,safety,safety,9509916.18,9966915.9,19,0.6
2023,2,Z01,sanitation,sanitation,11919099.55,9433556.22,23,0.96
2023,2,Z01,parks,parks,9317451.89,9106190.52,18,0.69
2023,2,Z01,education,education,8062962.29,8325477.7,16,0.99
2023,3,Z01,infrastructure,infrastructure,10161110.57,10602686.17,20,0.61
2023,3,Z01,safety,safety,6855200.08,5683725.84,13,0.93
2023,3,Z01,sanitation,sanitation,12520249.89,12974110.93,25,0.96
2023,3,Z01,parks,parks,6646573.77,5512218.34,13,0.61
2023,3,Z01,education,education,12554485.25,10566183.41,25,0.93
2023,4,Z01,infrastructure,infrastructure,9162517.01,6897047.5,18,0.58
2023,4,Z01,safety,safety,8230818.34,6122726.39,16,0.7
2023,4,Z01,sanitation,sanitation,10999690.18,10529020.33,21,0.84
2023,4,Z01,parks,parks,9197461.95,9471601.57,18,0.63
2023,4,Z01,education,education,12585882.11,12491720.37,25,0.84
2024,1,Z01,infrastructure,infrastructure,13455144.08,12144989.66,26,0.96
2024,1,Z01,safety,safety,8175446.7,6645540.38,16,0.8
2024,1,Z01,sanitation,sanitation,12943143.36,9591288.83,25,0.66
2024,1,Z01,parks,parks,6597614.71,6059930.28,13,0.86
2024,1,Z01,education,education,12169281.96,8903750.65,24,0.97
2024,2,Z01,infrastructure,infrastructure,12015902.17,12305176.61,24,0.72
2024,2,Z01,safety,safety,5817240.75,4756595.1,11,0.76
2024,2,Z01,sanitation,sanitation,7354399.25,6842965.87,14,0.74
2024,2,Z01,parks,parks,12746522.11,11166175.06,25,0.57
2024,2,Z01,education,education,9163252.96,8031136.61,18,0.96
2024,3,Z01,infrastructure,infrastructure,15458953.51,12871590.87,30,0.72
2024,3,Z01,safety,safety,13314554.63,10158839.71,26,0.99
2024,3,Z01,sanitation,sanitation,12053480.76,8984123.65,24,0.79
2024,3,Z01,parks,parks,9567599.53,7177370.29,19,0.61
2024,3,Z01,education,education,10048375.07,7435865.86,20,0.62
2024,4,Z01,infrastructure,infrastructure,15531815.7,12411426.12,31,0.98
2024,4,Z01,safety,safety,11071639.25,10225692.74,22,0.82
2024,4,Z01,sanitation,sanitation,8007564.2,5723379.82,16,0.65
2024,4,Z01,parks,parks,8326839.02,6537892.93,16,0.74
2024,4,Z01,education,education,7680560.79,7833746.11,15,0.78
2022,1,Z02,infrastructure,infrastructure,8473394.05,6951419.23,16,0.73
2022,1,Z02,safety,safety,9189275.47,8359122.47,18,0.65
2022,1,Z02,sanitation,sanitation,6725742.96,6488927.49,13,0.95
2022,1,Z02,parks,parks,9343102.67,7365183.57,18,1.0
2022,1,Z02,education,education,8499855.68,6526972.58,16,0.9
2022,2,Z02,infrastructure,infrastructure,7359395.24,7058142.76,14,0.64
2022,2,Z02,safety,safety,7441976.26,7800885.47,14,0.85
2022,2,Z02,sanitation,sanitation,7701760.14,6385433.42,15,0.86
2022,2,Z02,parks,parks,5659341.86,5898311.51,11,0.75
2022,2,Z02,education,education,7737199.91,7526061.06,15,0.55
2022,3,Z02,infrastructure,infrastructure,9984072.98,7973792.87,19,0.91
2022,3,Z02,safety,safety,6017726.67,5684979.63,12,0.64
2022,3,Z02,sanitation,sanitation,7706762.85,6728242.17,15,0.63
2022,3,Z02,parks,parks,7415513.42,7553066.77,14,0.91
2022,3,Z02,education,education,8453636.27,8447094.67,16,0.96
2022,4,Z02,infrastructure,infrastructure,8799017.74,8365084.63,17,1.0
2022,4,Z02,safety,safety,5251316.13,4606211.19,10,1.0
2022,4,Z02,sanitation,sanitation,9217686.4,9369547.78,18,0.64
2022,4,Z02,parks,parks,4291193.82,3324468.16,8,0.59
2022,4,Z02,education,education,5478669.5,5654242.34,10,0.81
2023,1,Z02,infrastructure,infrastructure,6883144.35,5101751.05,13,0.9
2023,1,Z02,safety,safety,7617544.55,6560565.23,15,0.91
2023,1,Z02,sanitation,sanitation,8968478.29,7737157.72,17,0.6
2023,1,Z02,parks,parks,7936920.38,7727066.08,15,0.91
2023,1,Z02,education,education,9291678.91,9291472.32,18,0.86
2023,2,Z02,infrastructure,infrastructure,12316410.63,9237670.39,24,0.86
2023,2,Z02,safety,safety,9319509.48,9209751.64,18,0.73
2023,2,Z02,sanitation,sanitation,8169567.05,6213936.63,16,0.98
2023,2,Z02,parks,parks,4265150.95,3985796.44,8,0.71
2023,2,Z02,education,education,7772242.74,5845050.16,15,0.63
2023,3,Z02,infrastructure,infrastructure,9841968.36,7287973.75,19,0.66
2023,3,Z02,safety,safety,8758936.79,7780267.33,17,0.82
2023,3,Z02,sanitation,sanitation,5935736.95,5717969.57,11,0.95
2023,3,Z02,parks,parks,8691901.35,7435003.69,17,0.91
2023,3,Z02,education,education,4901723.86,4269517.67,9,0.87
2023,4,Z02,infrastructure,infrastructure,7200682.75,6841584.54,14,0.84
2023,4,Z02,safety,safety,8539380.75,8028583.3,17,0.62
2023,4,Z02,sanitation,sanitation,5301599.78,5124387.84,10,0.64
2023,4,Z02,parks,parks,4779873.48,3984581.96,9,0.77
2023,4,Z02,education,education,9733726.05,9378650.28,19,0.89
2024,1,Z02,infrastructure,infrastructure,9026446.95,8151627.16,18,0.89
2024,1,Z02,safety,safety,5126533.27,3706809.25,10,0.55
2024,1,Z02,sanitation,sanitation,5697800.61,5538253.54,11,0.68
2024,1,Z02,parks,parks,4725566.91,3715434.84,9,0.8
2024,1,Z02,education,education,8955946.76,8816875.89,17,0.86
2024,2,Z02,infrastructure,infrastructure,11296486.94,9069224.53,22,0.65
2024,2,Z02,safety,safety,6882818.27,6286291.64,13,0.96
2024,2,Z02,sanitation,sanitation,7899056.43,7844591.37,15,0.62
2024,2,Z02,parks,parks,8212966.8,7623749.15,16,0.73
2024,2,Z02,education,education,7015057.21,7353139.37,14,0.63
2024,3,Z02,infrastructure,infrastructure,8860170.38,8461794.14,17,0.9
2024,3,Z02,safety,safety,6011145.83,5626706.58,12,0.73
2024,3,Z02,sanitation,sanitation,5053646.92,5231743.22,10,0.66
2024,3,Z02,parks,parks,6703492.09,5230080.17,13,0.9
2024,3,Z02,education,education,6792042.94,5636233.5,13,0.67
2024,4,Z02,infrastructure,infrastructure,11189365.66,9477630.0,22,0.93
2024,4,Z02,safety,safety,4913872.62,3679443.44,9,0.96
2024,4,Z02,sanitation,sanitation,7995678.78,5952103.1,15,0.7
2024,4,Z02,parks,parks,9580042.44,7305159.59,19,0.62
2024,4,Z02,education,education,7711942.11,6283973.21,15,0.9
2022,1,Z03,infrastructure,infrastructure,15543204.76,11914130.18,31,0.87
2022,1,Z03,safety,safety,10788814.97,11309442.04,21,0.67
2022,1,Z03,sanitation,sanitation,7453903.61,5615512.69,14,0.98
2022,1,Z03,parks,parks,9193038.36,8363761.13,18,0.97
2022,1,Z03,education,education,6008817.57,5290463.69,12,0.57
2022,2,Z03,infrastructure,infrastructure,10663061.45,10452074.38,21,0.82
2022,2,Z03,safety,safety,10571400.28,10946457.3,21,0.93
2022,2,Z03,sanitation,sanitation,7261642.45,7181998.21,14,0.99
2022,2,Z03,parks,parks,11666113.95,8444710.98,23,0.63
2022,2,Z03,education,education,7396532.92,7406233.13,14,0.81
2022,3,Z03,infrastructure,infrastructure,11958228.09,8375781.52,23,0.77
2022,3,Z03,safety,safety,10781629.89,8640743.49,21,0.64
2022,3,Z03,sanitation,sanitation,7694697.73,6727113.52,15,0.71
2022,3,Z03,parks,parks,8872152.56,7393979.25,17,0.79
2022,3,Z03,education,education,10508510.62,8421052.73,21,0.79
2022,4,Z03,infrastructure,infrastructure,8524218.01,8506749.38,17,0.69
2022,4,Z03,safety,safety,5890284.7,5781303.54,11,0.87
2022,4,Z03,sanitation,sanitation,5398072.29,4879679.37,10,0.66
2022,4,Z03,parks,parks,7895263.07,7356686.83,15,0.78
2022,4,Z03,education,education,7806505.28,6108827.78,15,0.95
2023,1,Z03,infrastructure,infrastructure,14969693.63,14905029.52,29,0.76
2023,1,Z03,safety,safety,12146721.96,9363069.9,24,0.73
2023,1,Z03,sanitation,sanitation,6087508.19,6321073.62,12,0.57
2023,1,Z03,parks,parks,9875641.97,10326007.13,19,0.61
2023,1,Z03,education,education,9523085.72,9218850.26,19,0.65
2023,2,Z03,infrastructure,infrastructure,9183778.72,9109012.7,18,0.63
2023,2,Z03,safety,safety,5573686.84,5206036.2,11,0.59
2023,2,Z03,sanitation,sanitation,6131662.35,6361494.2,12,0.99
2023,2,Z03,parks,parks,9404847.26,8530301.54,18,0.71
2023,2,Z03,education,education,9885062.36,9836480.5,19,0.71
2023,3,Z03,infrastructure,infrastructure,9067106.38,9454699.92,18,0.58
2023,3,Z03,safety,safety,8394865.42,6305662.07,16,0.66
2023,3,Z03,sanitation,sanitation,10502316.47,8426298.91,21,0.72
2023,3,Z03,parks,parks,8841652.01,8476405.7,17,1.0
2023,3,Z03,education,education,5550953.07,4135077.15,11,0.62
2023,4,Z03,infrastructure,infrastructure,14855286.23,11089444.2,29,0.62
2023,4,Z03,safety,safety,10228527.7,8438963.95,20,0.77
2023,4,Z03,sanitation,sanitation,10902995.51,9042825.38,21,0.84
2023,4,Z03,parks,parks,6048833.45,5016062.34,12,0.99
2023,4,Z03,education,education,8458945.63,8383209.11,16,0.8
2024,1,Z03,infrastructure,infrastructure,10485174.53,7347455.21,20,0.73
2024,1,Z03,safety,safety,8355993.17,7021713.69,16,0.83
2024,1,Z03,sanitation,sanitation,9613525.63,9388456.4,19,0.58
2024,1,Z03,parks,parks,11312213.05,10280530.35,22,0.65
2024,1,Z03,education,education,11343758.27,11905014.78,22,0.78
2024,2,Z03,infrastructure,infrastructure,14111879.04,12491361.75,28,0.63
2024,2,Z03,safety,safety,6401554.3,5510709.42,12,0.87
2024,2,Z03,sanitation,sanitation,10782737.73,11057881.09,21,0.96
2024,2,Z03,parks,parks,6675442.15,6461493.06,13,0.57
2024,2,Z03,education,education,7754140.11,7267421.98,15,0.59
2024,3,Z03,infrastructure,infrastructure,13294831.65,10473746.6,26,0.96
2024,3,Z03,safety,safety,11634836.01,10520373.66,23,0.6
2024,3,Z03,sanitation,sanitation,9338287.38,7030685.64,18,0.87
2024,3,Z03,parks,parks,6244354.99,5423941.17,12,0.81
2024,3,Z03,education,education,5665096.33,5829806.32,11,0.78
2024,4,Z03,infrastructure,infrastructure,10026127.08,8698319.43,20,0.73
2024,4,Z03,safety,safety,11175717.11,9428344.02,22,0.71
2024,4,Z03,sanitation,sanitation,12233692.97,10240510.44,24,0.97
2024,4,Z03,parks,parks,10083239.61,7508361.84,20,0.92
2024,4,Z03,education,education,5361997.42,4272578.41,10,0.93
2022,1,Z04,infrastructure,infrastructure,16787874.57,13384224.47,33,0.87
2022,1,Z04,safety,safety,9955921.45,9431178.51,19,0.74
2022,1,Z04,sanitation,sanitation,7437554.12,7327546.04,14,0.67
2022,1,Z04,parks,parks,11276260.17,10627978.77,22,0.79
2022,1,Z04,education,education,14714574.34,14440274.94,29,0.86
2022,2,Z04,infrastructure,infrastructure,19021310.29,14994133.1,38,0.78
2022,2,Z04,safety,safety,8442406.57,6664600.05,16,0.75
2022,2,Z04,sanitation,sanitation,6876611.32,5143771.84,13,0.81
2022,2,Z04,parks,parks,10114861.86,8215774.94,20,0.75
2022,2,Z04,education,education,7088593.09,6568034.93,14,0.7
2022,3,Z04,infrastructure,infrastructure,17803275.74,16901195.44,35,0.97
2022,3,Z04,safety,safety,14311610.95,14223429.47,28,0.61
2022,3,Z04,sanitation,sanitation,14204839.82,14841256.64,28,0.64
2022,3,Z04,parks,parks,13751122.19,12488613.86,27,0.74
2022,3,Z04,education,education,13670338.99,9908199.66,27,0.9
2022,4,Z04,infrastructure,infrastructure,18768059.76,17347860.02,37,0.94
2022,4,Z04,safety,safety,11351515.75,8467976.77,22,0.67
2022,4,Z04,sanitation,sanitation,8517598.77,7920393.76,17,0.97
2022,4,Z04,parks,parks,11238759.24,8174348.26,22,0.94
2022,4,Z04,education,education,7899085.92,7575820.98,15,0.71
2023,1,Z04,infrastructure,infrastructure,11680973.01,11152351.21,23,0.69
2023,1,Z04,safety,safety,12506316.7,10052017.38,25,0.84
2023,1,Z04,sanitation,sanitation,8960590.78,7851479.41,17,0.61
2023,1,Z04,parks,parks,9636351.03,9090315.13,19,0.71
2023,1,Z04,education,education,6496872.77,6358545.36,12,0.77
2023,2,Z04,infrastructure,infrastructure,16715942.19,12331372.88,33,0.63
2023,2,Z04,safety,safety,12456213.81,11084711.21,24,0.91
2023,2,Z04,sanitation,sanitation,14254547.82,11222018.66,28,0.77
2023,2,Z04,parks,parks,7613551.02,7363815.73,15,0.76
2023,2,Z04,education,education,6963524.72,5193093.93,13,0.74
2023,3,Z04,infrastructure,infrastructure,16350311.26,14452306.69,32,0.66
2023,3,Z04,safety,safety,14305291.7,12138506.91,28,0.93
2023,3,Z04,sanitation,sanitation,10828318.46,11115704.53,21,0.67
2023,3,Z04,parks,parks,12567387.35,12567095.07,25,0.6
2023,3,Z04,education,education,12492334.82,9761862.08,24,0.72
2023,4,Z04,infrastructure,infrastructure,12824947.72,9580348.67,25,0.96
2023,4,Z04,safety,safety,7996042.45,6710942.19,15,0.59
2023,4,Z04,sanitation,sanitation,11462635.8,10788783.26,22,0.64
2023,4,Z04,parks,parks,10421090.35,9889418.36,20,0.62
2023,4,Z04,education,education,13162022.37,10300665.85,26,0.82
2024,1,Z04,infrastructure,infrastructure,10417958.78,8026509.38,20,0.68
2024,1,Z04,safety,safety,7060544.15,5125097.03,14,0.92
2024,1,Z04,sanitation,sanitation,7768607.96,7521407.0,15,0.61
2024,1,Z04,parks,parks,12572796.54,10176938.86,25,0.74
2024,1,Z04,education,education,11032312.93,8681171.26,22,0.93
2024,2,Z04,infrastructure,infrastructure,13281223.39,9859010.52,26,0.88
2024,2,Z04,safety,safety,8390480.84,7169102.5,16,0.58
2024,2,Z04,sanitation,sanitation,10971000.32,11196235.97,21,0.59
2024,2,Z04,parks,parks,12749790.38,9088629.68,25,0.77
2024,2,Z04,education,education,13413820.21,10801239.69,26,0.79
2024,3,Z04,infrastructure,infrastructure,13886540.84,10442942.12,27,0.87
2024,3,Z04,safety,safety,10543813.63,10894176.26,21,1.0
2024,3,Z04,sanitation,sanitation,14231530.31,14148326.95,28,0.83
2024,3,Z04,parks,parks,10095034.44,10199897.94,20,0.87
2024,3,Z04,education,education,11791888.77,9899846.96,23,0.66
2024,4,Z04,infrastructure,infrastructure,13706150.27,13863531.77,27,0.94
2024,4,Z04,safety,safety,12001292.35,8569306.34,24,0.71
2024,4,Z04,sanitation,sanitation,6965513.07,5885810.65,13,0.9
2024,4,Z04,parks,parks,6871266.77,5516757.86,13,0.65
2024,4,Z04,education,education,7675603.72,5957813.0,15,1.0
2022,1,Z05,infrastructure,infrastructure,11423848.03,8580649.47,22,0.75
2022,1,Z05,safety,safety,10414996.89,7815026.06,20,0.92
2022,1,Z05,sanitation,sanitation,11225186.11,10176041.85,22,0.87
2022,1,Z05,parks,parks,6123161.29,5459853.5,12,0.81
2022,1,Z05,education,education,5386131.69,4650746.39,10,0.81
2022,2,Z05,infrastructure,infrastructure,12237423.39,10760341.21,24,0.78
2022,2,Z05,safety,safety,9899862.59,8521182.1,19,0.71
2022,2,Z05,sanitation,sanitation,7309904.33,6644481.05,14,0.77
2022,2,Z05,parks,parks,5666434.53,4102675.36,11,0.58
2022,2,Z05,education,education,6846947.05,6053845.16,13,0.57
2022,3,Z05,infrastructure,infrastructure,13588943.28,11424332.76,27,0.67
2022,3,Z05,safety,safety,8494527.69,6174838.03,16,0.97
2022,3,Z05,sanitation,sanitation,5513986.43,4066123.02,11,0.66
2022,3,Z05,parks,parks,8131745.7,6360724.1,16,0.67
2022,3,Z05,education,education,7359714.05,5402726.97,14,0.83
2022,4,Z05,infrastructure,infrastructure,7474946.59,5573539.08,14,0.88
2022,4,Z05,safety,safety,10312683.11,10159846.91,20,0.84
2022,4,Z05,sanitation,sanitation,9887096.15,7174535.99,19,0.85
2022,4,Z05,parks,parks,8557313.07,8450549.29,17,0.69
2022,4,Z05,education,education,9201200.63,9579424.21,18,0.58
2023,1,Z05,infrastructure,infrastructure,6839317.69,4788470.58,13,0.64
2023,1,Z05,safety,safety,8416273.64,6557916.24,16,0.62
2023,1,Z05,sanitation,sanitation,7501566.72,7497434.37,15,0.93
2023,1,Z05,parks,parks,10027129.98,9901256.21,20,0.65
2023,1,Z05,education,education,5628947.91,4544028.55,11,0.78
2023,2,Z05,infrastructure,infrastructure,12059993.14,8670494.32,24,0.81
2023,2,Z05,safety,safety,9814438.66,9163354.68,19,0.6
2023,2,Z05,sanitation,sanitation,6702363.54,5638716.86,13,0.93
2023,2,Z05,parks,parks,9341239.97,7497542.83,18,0.59
2023,2,Z05,education,education,8701719.19,8015526.94,17,0.81
2023,3,Z05,infrastructure,infrastructure,12387967.29,10928858.24,24,0.89
2023,3,Z05,safety,safety,11110148.56,11365541.9,22,0.6
2023,3,Z05,sanitation,sanitation,6011364.3,6235501.99,12,0.72
2023,3,Z05,parks,parks,10220703.06,10489425.71,20,0.89
2023,3,Z05,education,education,5559231.32,5388396.97,11,0.87
2023,4,Z05,infrastructure,infrastructure,8323705.03,6122754.82,16,0.89
2023,4,Z05,safety,safety,7305548.13,7442076.23,14,0.7
2023,4,Z05,sanitation,sanitation,8044557.77,6303333.91,16,0.71
2023,4,Z05,parks,parks,10421794.16,9211409.91,20,0.55
2023,4,Z05,education,education,10773752.66,8925713.39,21,0.85
2024,1,Z05,infrastructure,infrastructure,10072777.16,7455348.38,20,0.83
2024,1,Z05,safety,safety,10775764.94,10147774.01,21,0.76
2024,1,Z05,sanitation,sanitation,10391708.42,8247880.46,20,0.66
2024,1,Z05,parks,parks,8639473.23,7180064.48,17,0.83
2024,1,Z05,education,education,5226356.01,4517678.25,10,0.77
2024,2,Z05,infrastructure,infrastructure,14933440.07,11039588.94,29,0.79
2024,2,Z05,safety,safety,10802812.01,11245914.43,21,1.0
2024,2,Z05,sanitation,sanitation,10708101.53,10395204.37,21,0.89
2024,2,Z05,parks,parks,8363320.02,7571271.35,16,0.93
2024,2,Z05,education,education,5127706.12,5308631.88,10,0.89
2024,3,Z05,infrastructure,infrastructure,7506201.97,6050374.65,15,0.91
2024,3,Z05,safety,safety,10760853.77,11085148.24,21,0.73
2024,3,Z05,sanitation,sanitation,7058078.76,6433763.56,14,0.57
2024,3,Z05,parks,parks,7889985.89,6355019.51,15,0.74
2024,3,Z05,education,education,6490421.46,6198582.79,12,0.96
2024,4,Z05,infrastructure,infrastructure,10730979.67,8384396.88,21,0.66
2024,4,Z05,safety,safety,11216475.36,11680405.5,22,0.97
2024,4,Z05,sanitation,sanitation,7130935.7,5752321.88,14,0.94
2024,4,Z05,parks,parks,6146791.29,5647358.54,12,0.9
2024,4,Z05,education,education,11085749.11,8786038.92,22,0.69
2022,1,Z06,infrastructure,infrastructure,9579667.07,9016859.94,19,0.71
2022,1,Z06,safety,safety,8314385.1,7035617.86,16,0.7
2022,1,Z06,sanitation,sanitation,8202347.23,6349751.07,16,0.89
2022,1,Z06,parks,parks,4165555.65,2924141.75,8,0.78
2022,1,Z06,education,education,8129755.66,7524667.05,16,0.95
2022,2,Z06,infrastructure,infrastructure,5773224.05,5254470.79,11,0.63
2022,2,Z06,safety,safety,7729695.77,7951805.91,15,0.78
2022,2,Z06,sanitation,sanitation,4333496.63,3747504.66,8,0.57
2022,2,Z06,parks,parks,4615041.55,4295729.78,9,0.7
2022,2,Z06,education,education,7581172.98,7845799.99,15,0.67
2022,3,Z06,infrastructure,infrastructure,11272846.35,10792692.7,22,0.98
2022,3,Z06,safety,safety,8066643.34,7021300.08,16,0.81
2022,3,Z06,sanitation,sanitation,8565035.4,7701056.22,17,0.98
2022,3,Z06,parks,parks,8404531.65,6344840.97,16,0.72
2022,3,Z06,education,education,5422547.21,5366639.29,10,0.7
2022,4,Z06,infrastructure,infrastructure,9803908.21,9559696.8,19,0.63
2022,4,Z06,safety,safety,5410274.78,4551746.04,10,0.73
2022,4,Z06,sanitation,sanitation,8786786.12,7686570.33,17,0.77
2022,4,Z06,parks,parks,7210424.63,5736466.83,14,0.68
2022,4,Z06,education,education,8592848.86,6016409.66,17,0.99
2023,1,Z06,infrastructure,infrastructure,9924656.32,7553503.22,19,0.9
2023,1,Z06,safety,safety,8868627.18,6524900.9,17,0.58
2023,1,Z06,sanitation,sanitation,4386368.99,3913714.21,8,0.97
2023,1,Z06,parks,parks,6187812.1,6478396.84,12,0.9
2023,1,Z06,education,education,8809513.09,7580393.4,17,0.65
2023,2,Z06,infrastructure,infrastructure,6807615.27,6168858.23,13,0.85
2023,2,Z06,safety,safety,5966583.67,5641983.69,11,0.92
2023,2,Z06,sanitation,sanitation,4099555.37,3415037.57,8,0.86
2023,2,Z06,parks,parks,5075317.31,4064398.23,10,0.65
2023,2,Z06,education,education,8251134.04,6969784.63,16,0.74
2023,3,Z06,infrastructure,infrastructure,8075671.42,7691635.14,16,0.62
2023,3,Z06,safety,safety,7425849.68,7447881.34,14,0.86
2023,3,Z06,sanitation,sanitation,4101723.2,3993858.15,8,0.82
2023,3,Z06,parks,parks,7973265.15,6547139.28,15,0.95
2023,3,Z06,education,education,6928574.9,6709439.2,13,0.78
2023,4,Z06,infrastructure,infrastructure,9687122.8,8693992.96,19,0.74
2023,4,Z06,safety,safety,5261553.64,4451394.5,10,0.63
2023,4,Z06,sanitation,sanitation,7709886.54,8022259.83,15,0.96
2023,4,Z06,parks,parks,7981672.25,6432183.92,15,0.88
2023,4,Z06,education,education,6527515.51,5967175.34,13,0.99
2024,1,Z06,infrastructure,infrastructure,12424069.53,9489142.38,24,0.78
2024,1,Z06,safety,safety,4206363.1,3866927.56,8,0.96
2024,1,Z06,sanitation,sanitation,5710735.08,5606913.13,11,0.8
2024,1,Z06,parks,parks,7931144.85,7724062.94,15,0.63
2024,1,Z06,education,education,5012235.08,4192714.61,10,0.6
2024,2,Z06,infrastructure,infrastructure,7432842.08,5343733.58,14,0.73
2024,2,Z06,safety,safety,8800633.76,6324760.83,17,0.9
2024,2,Z06,sanitation,sanitation,7464235.69,5613299.43,14,0.77
2024,2,Z06,parks,parks,8529308.75,8443261.42,17,0.76
2024,2,Z06,education,education,5037357.22,4487726.26,10,0.77
2024,3,Z06,infrastructure,infrastructure,9445280.38,9615850.25,18,0.77
2024,3,Z06,safety,safety,7558300.17,5319681.19,15,0.98
2024,3,Z06,sanitation,sanitation,4849048.6,4420732.55,9,0.56
2024,3,Z06,parks,parks,8327978.52,6906986.78,16,0.93
2024,3,Z06,education,education,4805904.34,3912445.74,9,0.92
2024,4,Z06,infrastructure,infrastructure,7688934.24,7156085.08,15,0.98
2024,4,Z06,safety,safety,7715499.69,6274739.54,15,0.69
2024,4,Z06,sanitation,sanitation,6052697.47,5532899.68,12,0.87
2024,4,Z06,parks,parks,8158941.77,5978405.31,16,0.86
2024,4,Z06,education,education,7775317.69,5464876.55,15,0.97
2022,1,Z07,infrastructure,infrastructure,8462909.65,8097602.39,16,0.85
2022,1,Z07,safety,safety,6033972.28,6223594.38,12,0.78
2022,1,Z07,sanitation,sanitation,5753289.11,4537692.74,11,0.7
2022,1,Z07,parks,parks,10366603.11,10237571.46,20,0.86
2022,1,Z07,education,education,8509045.75,8062518.65,17,0.92
2022,2,Z07,infrastructure,infrastructure,9974004.53,9024475.61,19,0.76
2022,2,Z07,safety,safety,6473521.31,4557598.06,12,0.68
2022,2,Z07,sanitation,sanitation,4743257.03,3380801.79,9,0.7
2022,2,Z07,parks,parks,9082462.6,8363566.23,18,0.59
2022,2,Z07,education,education,4796910.65,3865585.24,9,0.99
2022,3,Z07,infrastructure,infrastructure,7628645.59,6212386.26,15,0.77
2022,3,Z07,safety,safety,6255335.81,5876266.93,12,0.68
2022,3,Z07,sanitation,sanitation,4981301.0,3537620.21,9,0.8
2022,3,Z07,parks,parks,9066593.75,6713001.01,18,0.66
2022,3,Z07,education,education,4819120.06,3463970.55,9,0.72
2022,4,Z07,infrastructure,infrastructure,8445311.33,8634247.6,16,0.57
2022,4,Z07,safety,safety,9152530.75,7054549.52,18,0.57
2022,4,Z07,sanitation,sanitation,6505341.02,5288027.16,13,0.63
2022,4,Z07,parks,parks,10269189.85,10722610.02,20,0.96
2022,4,Z07,education,education,9261951.13,9013705.01,18,0.68
2023,1,Z07,infrastructure,infrastructure,12584112.76,9571596.97,25,0.87
2023,1,Z07,safety,safety,10450349.38,10709168.96,20,0.71
2023,1,Z07,sanitation,sanitation,7697714.09,6411714.41,15,0.77
2023,1,Z07,parks,parks,5157084.99,4361508.09,10,0.74
2023,1,Z07,education,education,8989054.01,7673795.25,17,0.73
2023,2,Z07,infrastructure,infrastructure,10041662.51,7116426.02,20,0.99
2023,2,Z07,safety,safety,10494399.48,7476905.85,20,0.71
2023,2,Z07,sanitation,sanitation,6471388.43,5712605.14,12,0.82
2023,2,Z07,parks,parks,8633005.7,6351701.04,17,0.69
2023,2,Z07,education,education,7818364.06,6216384.54,15,0.68
2023,3,Z07,infrastructure,infrastructure,12794393.74,10226541.6,25,0.59
2023,3,Z07,safety,safety,6978018.19,6096071.34,13,0.62
2023,3,Z07,sanitation,sanitation,5470388.3,4731473.09,10,0.99
2023,3,Z07,parks,parks,9881350.16,7184506.06,19,0.63
2023,3,Z07,education,education,10292084.4,7220405.65,20,0.97
2023,4,Z07,infrastructure,infrastructure,13682750.07,10314057.47,27,0.82
2023,4,Z07,safety,safety,9101286.42,8172402.85,18,0.68
2023,4,Z07,sanitation,sanitation,8654936.36,8706666.9,17,0.59
2023,4,Z07,parks,parks,8381472.75,7429831.17,16,0.57
2023,4,Z07,education,education,8513425.87,6503402.26,17,0.55
2024,1,Z07,infrastructure,infrastructure,14943291.37,10676104.09,29,0.79
2024,1,Z07,safety,safety,5136764.23,4526210.64,10,0.98
2024,1,Z07,sanitation,sanitation,8714089.49,7869573.21,17,0.86
2024,1,Z07,parks,parks,7872146.05,5983387.49,15,0.75
2024,1,Z07,education,education,5357951.17,4198616.46,10,0.83
2024,2,Z07,infrastructure,infrastructure,13320414.91,10707060.54,26,0.67
2024,2,Z07,safety,safety,9161639.38,6430982.94,18,0.61
2024,2,Z07,sanitation,sanitation,5512746.2,4110743.2,11,0.75
2024,2,Z07,parks,parks,6797103.92,5570026.68,13,0.98
2024,2,Z07,education,education,5305591.95,4419951.59,10,0.98
2024,3,Z07,infrastructure,infrastructure,13704384.99,9977640.61,27,0.77
2024,3,Z07,safety,safety,5537212.29,5271849.37,11,0.64
2024,3,Z07,sanitation,sanitation,9921463.68,8425825.74,19,0.61
2024,3,Z07,parks,parks,6057279.83,4994573.55,12,0.71
2024,3,Z07,education,education,8546776.02,6314858.73,17,0.91
2024,4,Z07,infrastructure,infrastructure,11596349.28,11222849.24,23,0.62
2024,4,Z07,safety,safety,6563175.44,6623516.07,13,0.79
2024,4,Z07,sanitation,sanitation,5036155.19,4034665.94,10,0.86
2024,4,Z07,parks,parks,5129260.07,4599067.38,10,0.63
2024,4,Z07,education,education,9544226.43,8498848.56,19,0.89
2022,1,Z08,infrastructure,infrastructure,9739033.08,8242795.13,19,0.61
2022,1,Z08,safety,safety,7139264.17,5122698.09,14,0.65
2022,1,Z08,sanitation,sanitation,4109119.04,3745012.27,8,0.65
2022,1,Z08,parks,parks,4937685.16,3923930.95,9,0.71
2022,1,Z08,education,education,6750043.21,7078472.45,13,0.93
2022,2,Z08,infrastructure,infrastructure,9674353.35,7359429.71,19,0.63
2022,2,Z08,safety,safety,6567085.29,6672111.01,13,0.8
2022,2,Z08,sanitation,sanitation,6385779.42,5706601.44,12,0.84
2022,2,Z08,parks,parks,7205043.44,7515736.96,14,0.71
2022,2,Z08,education,education,7639933.15,7248145.05,15,0.59
2022,3,Z08,infrastructure,infrastructure,5163143.02,4114707.13,10,0.78
2022,3,Z08,safety,safety,7945312.08,6755089.83,15,0.89
2022,3,Z08,sanitation,sanitation,6657651.55,5354075.59,13,0.87
2022,3,Z08,parks,parks,7334924.51,6712826.73,14,0.9
2022,3,Z08,education,education,4163919.89,4352141.8,8,0.88
2022,4,Z08,infrastructure,infrastructure,8036452.22,6111711.07,16,0.58
2022,4,Z08,safety,safety,3891993.39,3454890.06,7,0.84
2022,4,Z08,sanitation,sanitation,7853890.39,6003976.35,15,0.97
2022,4,Z08,parks,parks,6084764.41,6128734.47,12,0.84
2022,4,Z08,education,education,5230837.83,4544660.27,10,0.83
2023,1,Z08,infrastructure,infrastructure,10444788.77,8675484.6,20,0.8
2023,1,Z08,safety,safety,4766479.2,4372115.19,9,0.79
2023,1,Z08,sanitation,sanitation,7191427.53,6215895.59,14,0.86
2023,1,Z08,parks,parks,6658876.84,6546935.35,13,0.76
2023,1,Z08,education,education,6659411.02,4824676.01,13,0.99
2023,2,Z08,infrastructure,infrastructure,7974299.99,5582805.94,15,0.68
2023,2,Z08,safety,safety,7612710.38,5568158.57,15,0.96
2023,2,Z08,sanitation,sanitation,7899354.59,5555657.22,15,0.99
2023,2,Z08,parks,parks,7602144.33,5638741.95,15,0.9
2023,2,Z08,education,education,3810563.81,2746503.62,7,0.63
2023,3,Z08,infrastructure,infrastructure,4957414.5,4911951.59,9,0.96
2023,3,Z08,safety,safety,4228851.52,3454010.42,8,0.79
2023,3,Z08,sanitation,sanitation,4837495.5,3489970.94,9,0.64
2023,3,Z08,parks,parks,3621673.1,2745551.69,7,0.95
2023,3,Z08,education,education,5866527.23,5153555.92,11,0.99
2023,4,Z08,infrastructure,infrastructure,7518769.53,5611294.71,15,0.97
2023,4,Z08,safety,safety,7686130.65,7057780.39,15,0.94
2023,4,Z08,sanitation,sanitation,4414843.31,3697602.08,8,0.78
2023,4,Z08,parks,parks,6057875.57,5523252.99,12,0.64
2023,4,Z08,education,education,7215614.57,5547699.41,14,0.96
2024,1,Z08,infrastructure,infrastructure,10357744.31,7999245.66,20,0.71
2024,1,Z08,safety,safety,4881221.29,3542830.93,9,0.56
2024,1,Z08,sanitation,sanitation,6385967.6,5369532.78,12,0.73
2024,1,Z08,parks,parks,6945683.97,5532276.38,13,0.71
2024,1,Z08,education,education,7176841.68,6644913.88,14,0.81
2024,2,Z08,infrastructure,infrastructure,9148535.9,6901950.99,18,0.83
2024,2,Z08,safety,safety,7340684.03,7125018.68,14,0.56
2024,2,Z08,sanitation,sanitation,7582487.07,7733035.78,15,0.97
2024,2,Z08,parks,parks,7212173.53,6383346.02,14,0.78
2024,2,Z08,education,education,5416313.09,4432283.5,10,0.65
2024,3,Z08,infrastructure,infrastructure,9760312.78,9173091.44,19,0.68
2024,3,Z08,safety,safety,6857519.32,6150787.5,13,0.74
2024,3,Z08,sanitation,sanitation,5677326.73,4809816.33,11,0.76
2024,3,Z08,parks,parks,4258609.54,3550959.1,8,0.76
2024,3,Z08,education,education,4238922.05,3453522.38,8,0.67
2024,4,Z08,infrastructure,infrastructure,8518339.53,7748266.91,17,0.62
2024,4,Z08,safety,safety,4710290.5,4565171.08,9,0.74
2024,4,Z08,sanitation,sanitation,4954682.47,4409882.07,9,0.78
2024,4,Z08,parks,parks,4300665.66,4461341.14,8,0.79
2024,4,Z08,education,education,8080385.9,7015769.27,16,0.88
2022,1,Z09,infrastructure,infrastructure,7570103.4,5701840.82,15,0.61
2022,1,Z09,safety,safety,5628443.54,5681636.54,11,0.82
2022,1,Z09,sanitation,sanitation,5672044.52,4569931.0,11,0.74
2022,1,Z09,parks,parks,9297248.21,7243717.54,18,0.9
2022,1,Z09,education,education,6697433.2,5955781.05,13,0.64
2022,2,Z09,infrastructure,infrastructure,12153408.23,12038194.59,24,0.67
2022,2,Z09,safety,safety,6576852.09,6892483.75,13,0.57
2022,2,Z09,sanitation,sanitation,8701385.81,6198832.92,17,0.56
2022,2,Z09,parks,parks,9056413.1,7022642.08,18,0.81
2022,2,Z09,education,education,4871698.39,3621102.06,9,0.78
2022,3,Z09,infrastructure,infrastructure,9903260.08,8586555.63,19,0.57
2022,3,Z09,safety,safety,7328326.63,6780884.18,14,0.82
2022,3,Z09,sanitation,sanitation,6610573.19,6079585.09,13,0.73
2022,3,Z09,parks,parks,9075980.16,7735934.66,18,0.92
2022,3,Z09,education,education,6330645.91,6051159.5,12,0.7
2022,4,Z09,infrastructure,infrastructure,12737043.27,12020351.13,25,0.85
2022,4,Z09,safety,safety,6365227.0,5997711.51,12,0.55
2022,4,Z09,sanitation,sanitation,5522080.2,5170260.68,11,0.95
2022,4,Z09,parks,parks,6606706.37,4990824.51,13,0.56
2022,4,Z09,education,education,5096482.57,4402565.8,10,0.96
2023,1,Z09,infrastructure,infrastructure,7750405.5,5483636.58,15,0.75
2023,1,Z09,safety,safety,7560380.49,7448911.86,15,0.98
2023,1,Z09,sanitation,sanitation,4242841.07,3828268.87,8,0.97
2023,1,Z09,parks,parks,7251835.4,5810069.74,14,0.64
2023,1,Z09,education,education,8663492.23,6832451.86,17,0.75
2023,2,Z09,infrastructure,infrastructure,9510634.05,8310908.99,19,0.97
2023,2,Z09,safety,safety,8559792.9,7392267.13,17,0.84
2023,2,Z09,sanitation,sanitation,5567170.69,4397940.19,11,0.77
2023,2,Z09,parks,parks,8736225.72,7000224.44,17,0.8
2023,2,Z09,education,education,7172947.45,7118575.71,14,0.77
2023,3,Z09,infrastructure,infrastructure,9076195.25,6883992.64,18,0.61
2023,3,Z09,safety,safety,8972755.13,8057581.89,17,0.94
2023,3,Z09,sanitation,sanitation,5689105.63,4585048.72,11,0.66
2023,3,Z09,parks,parks,5251173.92,4726988.08,10,0.84
2023,3,Z09,education,education,5035734.07,3646769.84,10,0.84
2023,4,Z09,infrastructure,infrastructure,9796734.36,7693198.34,19,0.65
2023,4,Z09,safety,safety,6671818.01,6748950.44,13,0.57
2023,4,Z09,sanitation,sanitation,7574068.84,6146825.38,15,0.87
2023,4,Z09,parks,parks,7989529.24,6331088.62,15,0.93
2023,4,Z09,education,education,5403622.78,4779800.65,10,0.97
2024,1,Z09,infrastructure,infrastructure,6810531.6,5144653.67,13,0.62
2024,1,Z09,safety,safety,6447273.75,6392286.27,12,0.88
2024,1,Z09,sanitation,sanitation,7490412.58,7559791.71,14,0.56
2024,1,Z09,parks,parks,4475689.39,4462638.73,8,0.65
2024,1,Z09,education,education,7814896.61,5691166.51,15,0.84
2024,2,Z09,infrastructure,infrastructure,8998753.84,8014340.27,17,0.58
2024,2,Z09,safety,safety,8658680.94,8847860.24,17,0.98
2024,2,Z09,sanitation,sanitation,7641237.67,7028247.4,15,0.93
2024,2,Z09,parks,parks,8115928.83,6652323.9,16,0.8
2024,2,Z09,education,education,8156499.71,8193962.13,16,0.82
2024,3,Z09,infrastructure,infrastructure,6210520.3,6513663.38,12,0.75
2024,3,Z09,safety,safety,7354065.56,7026413.68,14,0.86
2024,3,Z09,sanitation,sanitation,9332181.61,7084010.35,18,0.73
2024,3,Z09,parks,parks,8393303.51,6492457.08,16,0.64
2024,3,Z09,education,education,8654649.71,8422211.31,17,0.75
2024,4,Z09,infrastructure,infrastructure,10175769.17,7962542.21,20,0.8
2024,4,Z09,safety,safety,4739959.61,4183712.96,9,0.87
2024,4,Z09,sanitation,sanitation,7880012.59,5535440.98,15,0.76
2024,4,Z09,parks,parks,4665752.67,4714411.38,9,0.86
2024,4,Z09,education,education,4421934.98,3507039.04,8,0.71
2022,1,Z10,infrastructure,infrastructure,8721125.75,6938190.02,17,0.78
2022,1,Z10,safety,safety,3616117.68,2959327.65,7,0.95
2022,1,Z10,sanitation,sanitation,4231985.85,4302635.13,8,0.8
2022,1,Z10,parks,parks,6940154.73,5793314.28,13,0.89
2022,1,Z10,education,education,4771153.12,4574456.99,9,0.89
2022,2,Z10,infrastructure,infrastructure,6004182.82,4719055.95,12,0.87
2022,2,Z10,safety,safety,6426010.36,5736092.39,12,0.58
2022,2,Z10,sanitation,sanitation,5578323.75,5208510.73,11,0.75
2022,2,Z10,parks,parks,6043995.02,5987005.83,12,0.7
2022,2,Z10,education,education,6484675.76,5875818.35,12,0.77
2022,3,Z10,infrastructure,infrastructure,6651804.51,5756074.24,13,0.89
2022,3,Z10,safety,safety,4235293.72,4402496.34,8,0.6
2022,3,Z10,sanitation,sanitation,6194268.39,6053012.13,12,0.89
2022,3,Z10,parks,parks,3252118.4,3055228.1,6,0.77
2022,3,Z10,education,education,6219917.81,4695909.25,12,0.79
2022,4,Z10,infrastructure,infrastructure,7943383.84,7155157.29,15,0.59
2022,4,Z10,safety,safety,4482583.83,3504447.47,8,0.73
2022,4,Z10,sanitation,sanitation,6789580.72,6946863.19,13,0.55
2022,4,Z10,parks,parks,3317551.69,2879847.77,6,0.71
2022,4,Z10,education,education,3059961.09,2308473.36,6,0.79
2023,1,Z10,infrastructure,infrastructure,4572582.03,3942027.6,9,0.58
2023,1,Z10,safety,safety,3618247.32,3332972.21,7,0.57
2023,1,Z10,sanitation,sanitation,3326664.07,3216524.28,6,0.99
2023,1,Z10,parks,parks,5639133.26,5025783.39,11,1.0
2023,1,Z10,education,education,4995783.17,4836450.9,9,0.61
2023,2,Z10,infrastructure,infrastructure,7656029.6,7490093.5,15,0.68
2023,2,Z10,safety,safety,4304813.0,4052092.8,8,0.88
2023,2,Z10,sanitation,sanitation,5951926.53,5134945.39,11,0.61
2023,2,Z10,parks,parks,5026515.71,4087759.63,10,0.61
2023,2,Z10,education,education,6992641.97,7011223.79,13,0.66
2023,3,Z10,infrastructure,infrastructure,7171582.98,6913983.59,14,0.59
2023,3,Z10,safety,safety,3953040.96,3455098.48,7,0.78
2023,3,Z10,sanitation,sanitation,3306149.77,3365020.63,6,0.94
2023,3,Z10,parks,parks,5820358.15,5363368.42,11,0.74
2023,3,Z10,education,education,6233004.46,4925797.4,12,0.65
2023,4,Z10,infrastructure,infrastructure,9217511.11,8779160.19,18,0.67
2023,4,Z10,safety,safety,4061684.54,4022640.15,8,0.59
2023,4,Z10,sanitation,sanitation,4492294.59,3886960.9,8,0.96
2023,4,Z10,parks,parks,4227263.9,3222330.25,8,0.75
2023,4,Z10,education,education,6383810.57,5010431.35,12,0.71
2024,1,Z10,infrastructure,infrastructure,9472613.34,6708461.36,18,0.75
2024,1,Z10,safety,safety,5787288.54,5642437.61,11,0.98
2024,1,Z10,sanitation,sanitation,5276650.88,4249528.08,10,0.67
2024,1,Z10,parks,parks,5541748.01,4385274.63,11,0.83
2024,1,Z10,education,education,4581348.87,3608631.81,9,0.61
2024,2,Z10,infrastructure,infrastructure,7824117.64,7675723.47,15,0.97
2024,2,Z10,safety,safety,6415773.42,5730413.39,12,0.95
2024,2,Z10,sanitation,sanitation,5671553.78,4477100.99,11,0.78
2024,2,Z10,parks,parks,3584362.9,2790474.59,7,0.95
2024,2,Z10,education,education,3662064.3,3252822.15,7,0.97
2024,3,Z10,infrastructure,infrastructure,5703245.35,4574478.36,11,0.7
2024,3,Z10,safety,safety,3441372.32,2802499.79,6,0.61
2024,3,Z10,sanitation,sanitation,5491852.85,4945147.6,10,0.62
2024,3,Z10,parks,parks,3763495.77,3445672.13,7,0.73
2024,3,Z10,education,education,6200388.65,4896381.61,12,0.67
2024,4,Z10,infrastructure,infrastructure,6527621.31,4657905.64,13,0.57
2024,4,Z10,safety,safety,4455675.12,3908732.15,8,0.9
2024,4,Z10,sanitation,sanitation,5419673.18,4386228.44,10,0.55
2024,4,Z10,parks,parks,5270337.34,5242692.27,10,0.76
2024,4,Z10,education,education,3176308.27,2711356.18,6,0.83
2022,1,Z11,infrastructure,infrastructure,7764177.72,6325585.14,15,0.96
2022,1,Z11,safety,safety,5026579.49,4687431.14,10,0.86
2022,1,Z11,sanitation,sanitation,9974025.62,10127705.15,19,1.0
2022,1,Z11,parks,parks,10390302.43,8670421.1,20,0.6
2022,1,Z11,education,education,7668036.34,7527709.81,15,0.58
2022,2,Z11,infrastructure,infrastructure,10115601.08,7874597.29,20,0.9
2022,2,Z11,safety,safety,7858021.8,6297906.69,15,0.99
2022,2,Z11,sanitation,sanitation,5638748.41,5485766.92,11,0.66
2022,2,Z11,parks,parks,6440057.56,6137550.21,12,0.9
2022,2,Z11,education,education,6068605.57,6028770.54,12,0.78
2022,3,Z11,infrastructure,infrastructure,9620618.46,8152080.7,19,0.76
2022,3,Z11,safety,safety,8015916.82,7656393.75,16,0.64
2022,3,Z11,sanitation,sanitation,6380023.85,6519381.62,12,0.56
2022,3,Z11,parks,parks,8590367.97,8601303.18,17,0.73
2022,3,Z11,education,education,9199361.62,7454594.24,18,0.84
2022,4,Z11,infrastructure,infrastructure,15661126.86,13107312.91,31,0.74
2022,4,Z11,safety,safety,10889875.57,7935256.23,21,0.75
2022,4,Z11,sanitation,sanitation,5748878.71,5409920.39,11,0.93
2022,4,Z11,parks,parks,6843977.31,5810251.9,13,0.66
2022,4,Z11,education,education,7020116.23,7063830.45,14,0.73
2023,1,Z11,infrastructure,infrastructure,13277013.73,13034882.96,26,0.56
2023,1,Z11,safety,safety,5286539.37,3827110.05,10,0.65
2023,1,Z11,sanitation,sanitation,5101508.0,3845937.18,10,0.85
2023,1,Z11,parks,parks,6438381.98,6123337.73,12,0.58
2023,1,Z11,education,education,6315288.47,5108603.84,12,0.66
2023,2,Z11,infrastructure,infrastructure,7470127.6,6147180.11,14,0.87
2023,2,Z11,safety,safety,5471010.58,5524366.13,10,0.8
2023,2,Z11,sanitation,sanitation,4864696.89,4729550.73,9,0.84
2023,2,Z11,parks,parks,7198538.05,5317286.48,14,0.9
2023,2,Z11,education,education,7921453.77,5972827.46,15,0.94
2023,3,Z11,infrastructure,infrastructure,11466780.96,11139215.65,22,0.89
2023,3,Z11,safety,safety,10752982.17,8248730.55,21,0.75
2023,3,Z11,sanitation,sanitation,6999048.06,5299362.27,13,0.59
2023,3,Z11,parks,parks,10365146.75,9666581.55,20,0.81
2023,3,Z11,education,education,10329576.5,7513072.67,20,0.65
2023,4,Z11,infrastructure,infrastructure,11709258.77,10680040.48,23,0.57
2023,4,Z11,safety,safety,5790533.57,4251258.16,11,0.77
2023,4,Z11,sanitation,sanitation,10214174.61,8275725.14,20,0.82
2023,4,Z11,parks,parks,8151597.94,6235916.35,16,1.0
2023,4,Z11,education,education,9005483.05,7090197.25,18,0.57
2024,1,Z11,infrastructure,infrastructure,7759102.53,7922194.08,15,0.62
2024,1,Z11,safety,safety,5956771.82,5454615.99,11,0.67
2024,1,Z11,sanitation,sanitation,7478258.04,5526364.65,14,0.71
2024,1,Z11,parks,parks,10872761.48,11255100.6,21,0.65
2024,1,Z11,education,education,10973206.41,10765792.3,21,0.99
2024,2,Z11,infrastructure,infrastructure,13151422.85,11961609.6,26,0.6
2024,2,Z11,safety,safety,10096969.96,9525381.69,20,0.58
2024,2,Z11,sanitation,sanitation,10424264.16,8405271.1,20,0.62
2024,2,Z11,parks,parks,7629280.98,7706217.38,15,0.58
2024,2,Z11,education,education,7208142.47,5467864.81,14,0.62
2024,3,Z11,infrastructure,infrastructure,13795684.57,13075790.02,27,0.74
2024,3,Z11,safety,safety,5644217.24,5866666.04,11,0.85
2024,3,Z11,sanitation,sanitation,7506768.57,7693290.93,15,0.81
2024,3,Z11,parks,parks,10362995.66,8890720.25,20,0.93
2024,3,Z11,education,education,6931041.54,6536911.01,13,0.67
2024,4,Z11,infrastructure,infrastructure,15617094.44,12906537.83,31,0.6
2024,4,Z11,safety,safety,6931221.22,6566614.4,13,0.77
2024,4,Z11,sanitation,sanitation,6251611.18,6287735.21,12,0.91
2024,4,Z11,parks,parks,9441396.6,7515862.59,18,0.7
2024,4,Z11,education,education,6269894.93,5648389.9,12,0.86
2022,1,Z12,infrastructure,infrastructure,10154421.02,7940041.2,20,0.94
2022,1,Z12,safety,safety,6570063.51,5030776.65,13,0.98
2022,1,Z12,sanitation,sanitation,8468718.84,6723118.3,16,0.67
2022,1,Z12,parks,parks,8430094.61,6113404.18,16,0.74
2022,1,Z12,education,education,4842036.42,4777882.6,9,0.78
2022,2,Z12,infrastructure,infrastructure,5454795.44,4177680.98,10,0.93
2022,2,Z12,safety,safety,8329662.51,7740270.31,16,0.72
2022,2,Z12,sanitation,sanitation,6267796.86,4694893.75,12,0.73
2022,2,Z12,parks,parks,8791059.77,8452519.5,17,0.8
2022,2,Z12,education,education,6063241.22,5409704.9,12,0.56
2022,3,Z12,infrastructure,infrastructure,12210101.52,10588636.35,24,0.77
2022,3,Z12,safety,safety,8618430.11,6957942.48,17,0.71
2022,3,Z12,sanitation,sanitation,4530475.81,3338494.67,9,0.99
2022,3,Z12,parks,parks,7156231.58,7479820.87,14,0.55
2022,3,Z12,education,education,8680121.19,7905491.26,17,0.84
2022,4,Z12,infrastructure,infrastructure,11024950.03,8881283.02,22,0.82
2022,4,Z12,safety,safety,4380401.63,3851780.96,8,0.81
2022,4,Z12,sanitation,sanitation,3980799.11,3469185.87,7,0.99
2022,4,Z12,parks,parks,8711778.69,7405424.28,17,1.0
2022,4,Z12,education,education,7178347.55,5781218.14,14,0.72
2023,1,Z12,infrastructure,infrastructure,10002799.41,7759291.51,20,0.96
2023,1,Z12,safety,safety,4273764.51,3329993.32,8,0.73
2023,1,Z12,sanitation,sanitation,4659142.03,3551574.33,9,0.63
2023,1,Z12,parks,parks,7467079.01,5945807.97,14,0.7
2023,1,Z12,education,education,5318563.14,4526162.79,10,0.68
2023,2,Z12,infrastructure,infrastructure,6732208.5,5297162.42,13,0.78
2023,2,Z12,safety,safety,5288245.67,4794456.92,10,0.72
2023,2,Z12,sanitation,sanitation,5496083.9,4737631.9,10,0.79
2023,2,Z12,parks,parks,4815600.64,3422351.07,9,0.94
2023,2,Z12,education,education,4434311.18,4521727.76,8,0.91
2023,3,Z12,infrastructure,infrastructure,10560265.5,9714183.24,21,0.71
2023,3,Z12,safety,safety,7580973.23,6328637.72,15,0.73
2023,3,Z12,sanitation,sanitation,8353967.83,7700017.0,16,0.65
2023,3,Z12,parks,parks,5631869.17,5520050.31,11,0.58
2023,3,Z12,education,education,7694669.41,6170609.27,15,0.96
2023,4,Z12,infrastructure,infrastructure,10691746.05,8316864.39,21,0.56
2023,4,Z12,safety,safety,5354087.74,4057075.04,10,0.55
2023,4,Z12,sanitation,sanitation,8156540.26,7895422.82,16,0.69
2023,4,Z12,parks,parks,5301822.72,4582855.18,10,0.83
2023,4,Z12,education,education,6060954.66,4543327.07,12,0.78
2024,1,Z12,infrastructure,infrastructure,8995648.16,6698820.91,17,0.65
2024,1,Z12,safety,safety,5468039.7,5205852.07,10,0.95
2024,1,Z12,sanitation,sanitation,6137816.11,5616192.46,12,0.69
2024,1,Z12,parks,parks,6459517.07,6019690.14,12,0.71
2024,1,Z12,education,education,7221333.95,7457594.56,14,0.6
2024,2,Z12,infrastructure,infrastructure,9453133.43,8959526.23,18,0.56
2024,2,Z12,safety,safety,8546267.24,7357222.27,17,0.68
2024,2,Z12,sanitation,sanitation,3823746.8,3421518.74,7,0.84
2024,2,Z12,parks,parks,7851964.64,7662578.58,15,0.94
2024,2,Z12,education,education,4907002.51,4065261.21,9,0.6
2024,3,Z12,infrastructure,infrastructure,9137202.67,7051342.77,18,0.61
2024,3,Z12,safety,safety,8600519.18,8491217.28,17,0.61
2024,3,Z12,sanitation,sanitation,7699503.75,5813234.23,15,0.96
2024,3,Z12,parks,parks,5268470.45,4866060.29,10,1.0
2024,3,Z12,education,education,5138906.33,3988691.86,10,0.58
2024,4,Z12,infrastructure,infrastructure,8717725.74,7013495.99,17,0.93
2024,4,Z12,safety,safety,4907238.7,4123443.64,9,0.58
2024,4,Z12,sanitation,sanitation,4185884.5,3650057.8,8,0.75
2024,4,Z12,parks,parks,4726251.46,4950195.36,9,0.93
2024,4,Z12,education,education,8843404.32,7430580.86,17,0.98
2022,1,Z13,infrastructure,infrastructure,15095989.45,13342308.24,30,0.83
2022,1,Z13,safety,safety,9985204.26,7990777.69,19,0.82
2022,1,Z13,sanitation,sanitation,11614227.18,9348825.27,23,0.96
2022,1,Z13,parks,parks,12788696.75,10140203.2,25,0.99
2022,1,Z13,education,education,13762634.54,11915268.38,27,0.99
2022,2,Z13,infrastructure,infrastructure,12688441.37,11049844.14,25,0.95
2022,2,Z13,safety,safety,9004638.06,6700787.22,18,0.63
2022,2,Z13,sanitation,sanitation,10915525.19,9386540.11,21,0.68
2022,2,Z13,parks,parks,6347621.57,4963911.17,12,0.67
2022,2,Z13,education,education,10682219.78,8453271.31,21,0.63
2022,3,Z13,infrastructure,infrastructure,14638858.71,14564157.1,29,0.74
2022,3,Z13,safety,safety,12374944.85,9702714.03,24,0.67
2022,3,Z13,sanitation,sanitation,12330494.93,9905226.59,24,0.79
2022,3,Z13,parks,parks,8635152.19,6071824.98,17,0.7
2022,3,Z13,education,education,8990263.38,6547900.8,17,0.95
2022,4,Z13,infrastructure,infrastructure,15125765.03,10731940.99,30,0.68
2022,4,Z13,safety,safety,9570606.6,7251911.25,19,0.67
2022,4,Z13,sanitation,sanitation,11460567.13,9612597.32,22,0.59
2022,4,Z13,parks,parks,12694964.27,10800943.24,25,0.69
2022,4,Z13,education,education,9161543.67,9324225.0,18,0.96
2023,1,Z13,infrastructure,infrastructure,14977737.14,15650263.7,29,0.72
2023,1,Z13,safety,safety,13657902.07,14175459.88,27,0.93
2023,1,Z13,sanitation,sanitation,9401023.78,7522824.88,18,0.94
2023,1,Z13,parks,parks,7604745.83,6529295.62,15,0.56
2023,1,Z13,education,education,8755390.48,8056224.87,17,0.97
2023,2,Z13,infrastructure,infrastructure,13720655.6,10126835.95,27,0.63
2023,2,Z13,safety,safety,13496961.01,11408581.79,26,0.55
2023,2,Z13,sanitation,sanitation,9942502.87,7286669.41,19,0.91
2023,2,Z13,parks,parks,12395879.35,8810699.8,24,0.58
2023,2,Z13,education,education,12291296.9,11000581.49,24,0.69
2023,3,Z13,infrastructure,infrastructure,12779529.93,11276766.86,25,0.72
2023,3,Z13,safety,safety,11623790.89,10308707.52,23,0.63
2023,3,Z13,sanitation,sanitation,10780721.16,9479892.76,21,1.0
2023,3,Z13,parks,parks,6452247.55,5441060.66,12,0.66
2023,3,Z13,education,education,13164337.21,12278489.72,26,0.74
2023,4,Z13,infrastructure,infrastructure,15230289.91,11527451.03,30,0.98
2023,4,Z13,safety,safety,12074733.36,9868864.47,24,0.92
2023,4,Z13,sanitation,sanitation,13502364.36,13018849.05,27,0.92
2023,4,Z13,parks,parks,8947022.48,9258145.22,17,0.83
2023,4,Z13,education,education,9770486.24,9293030.19,19,0.57
2024,1,Z13,infrastructure,infrastructure,9889448.84,8263470.32,19,0.87
2024,1,Z13,safety,safety,12232708.26,11784720.38,24,0.57
2024,1,Z13,sanitation,sanitation,9494439.0,8556263.91,18,0.64
2024,1,Z13,parks,parks,11616418.91,11164961.69,23,0.96
2024,1,Z13,education,education,13693543.97,11680917.05,27,0.87
2024,2,Z13,infrastructure,infrastructure,8935529.08,6607211.73,17,0.68
2024,2,Z13,safety,safety,8500624.26,6674282.82,17,0.75
2024,2,Z13,sanitation,sanitation,11568201.7,10211044.94,23,0.83
2024,2,Z13,parks,parks,9082949.21,7576617.58,18,0.71
2024,2,Z13,education,education,13245461.8,10632771.21,26,0.86
2024,3,Z13,infrastructure,infrastructure,15469819.92,13522548.63,30,0.86
2024,3,Z13,safety,safety,6135067.88,4770421.82,12,0.82
2024,3,Z13,sanitation,sanitation,11106170.27,8068607.37,22,0.81
2024,3,Z13,parks,parks,6217161.12,5806735.13,12,0.74
2024,3,Z13,education,education,12084217.0,12564563.56,24,0.7
2024,4,Z13,infrastructure,infrastructure,8510749.79,7830715.2,17,0.96
2024,4,Z13,safety,safety,9662993.39,6846932.75,19,0.9
2024,4,Z13,sanitation,sanitation,11551558.94,12077975.97,23,0.81
2024,4,Z13,parks,parks,10647299.58,8864135.63,21,0.89
2024,4,Z13,education,education,10350622.8,8495197.57,20,0.93
2022,1,Z14,infrastructure,infrastructure,7300809.66,5590501.03,14,0.83
2022,1,Z14,safety,safety,3802239.32,3916647.36,7,0.76
2022,1,Z14,sanitation,sanitation,6896682.39,7103560.38,13,0.81
2022,1,Z14,parks,parks,4616629.02,3783076.77,9,0.81
2022,1,Z14,education,education,5883504.99,5962322.97,11,0.86
2022,2,Z14,infrastructure,infrastructure,5793967.56,5425207.25,11,0.72
2022,2,Z14,safety,safety,5954334.36,4251835.11,11,0.59
2022,2,Z14,sanitation,sanitation,5783386.42,4878335.03,11,0.63
2022,2,Z14,parks,parks,7125350.46,5004632.51,14,0.63
2022,2,Z14,education,education,5509398.08,5121085.92,11,0.99
2022,3,Z14,infrastructure,infrastructure,10013840.04,7531197.68,20,0.7
2022,3,Z14,safety,safety,6135470.08,6287459.13,12,0.9
2022,3,Z14,sanitation,sanitation,5656763.86,3966169.0,11,0.65
2022,3,Z14,parks,parks,4333567.22,3515938.5,8,0.72
2022,3,Z14,education,education,5665970.82,5741675.12,11,0.98
2022,4,Z14,infrastructure,infrastructure,7898217.03,6396113.07,15,0.66
2022,4,Z14,safety,safety,6885628.26,6554713.01,13,0.68
2022,4,Z14,sanitation,sanitation,6624131.21,5292487.37,13,0.72
2022,4,Z14,parks,parks,3833374.78,3844727.78,7,0.85
2022,4,Z14,education,education,5632178.26,4719530.77,11,0.88
2023,1,Z14,infrastructure,infrastructure,8481838.89,7203243.94,16,0.99
2023,1,Z14,safety,safety,6256212.09,6188228.73,12,0.89
2023,1,Z14,sanitation,sanitation,5236749.65,4142900.29,10,0.58
2023,1,Z14,parks,parks,5115854.12,4779085.94,10,0.99
2023,1,Z14,education,education,4414283.18,3278826.88,8,0.72
2023,2,Z14,infrastructure,infrastructure,7860294.12,7241366.6,15,0.6
2023,2,Z14,safety,safety,4728492.25,4232870.3,9,0.79
2023,2,Z14,sanitation,sanitation,7558614.57,7857537.5,15,0.89
2023,2,Z14,parks,parks,7071489.85,7272014.64,14,0.71
2023,2,Z14,education,education,5297293.5,5523223.93,10,0.83
2023,3,Z14,infrastructure,infrastructure,9353594.62,9356984.32,18,0.78
2023,3,Z14,safety,safety,5519658.59,4918793.23,11,0.76
2023,3,Z14,sanitation,sanitation,3470590.46,2834322.9,6,0.94
2023,3,Z14,parks,parks,7429203.28,5570782.99,14,0.91
2023,3,Z14,education,education,4213412.79,3754421.22,8,0.68
2023,4,Z14,infrastructure,infrastructure,4756616.69,4280646.19,9,0.76
2023,4,Z14,safety,safety,7529252.3,5296031.79,15,0.84
2023,4,Z14,sanitation,sanitation,7538085.34,6779407.72,15,0.98
2023,4,Z14,parks,parks,7310611.28,6969791.27,14,0.88
2023,4,Z14,education,education,5090327.07,4775410.22,10,0.65
2024,1,Z14,infrastructure,infrastructure,10260241.19,10674984.13,20,0.64
2024,1,Z14,safety,safety,5154206.19,4513238.91,10,0.85
2024,1,Z14,sanitation,sanitation,7620185.62,7255960.17,15,0.65
2024,1,Z14,parks,parks,4952973.04,5027170.93,9,0.71
2024,1,Z14,education,education,4188192.01,4148939.07,8,0.69
2024,2,Z14,infrastructure,infrastructure,7750859.6,7516557.58,15,0.81
2024,2,Z14,safety,safety,7327125.31,7685474.04,14,0.75
2024,2,Z14,sanitation,sanitation,5669808.54,5019350.14,11,0.78
2024,2,Z14,parks,parks,4379677.8,3640864.43,8,0.76
2024,2,Z14,education,education,7442633.04,7662005.25,14,0.86
2024,3,Z14,infrastructure,infrastructure,7198810.66,6392101.07,14,0.77
2024,3,Z14,safety,safety,5711376.46,4289340.83,11,0.67
2024,3,Z14,sanitation,sanitation,5845403.63,4822424.79,11,0.89
2024,3,Z14,parks,parks,5355768.62,5613324.27,10,0.59
2024,3,Z14,education,education,5974612.28,5016962.73,11,0.67
2024,4,Z14,infrastructure,infrastructure,5508734.58,4723974.13,11,0.83
2024,4,Z14,safety,safety,4661059.95,4328714.77,9,0.76
2024,4,Z14,sanitation,sanitation,5851286.93,6055259.27,11,0.95
2024,4,Z14,parks,parks,6616898.71,5580425.94,13,0.98
2024,4,Z14,education,education,3729496.27,3323265.35,7,0.65
2022,1,Z15,infrastructure,infrastructure,14631294.44,13711483.51,29,0.89
2022,1,Z15,safety,safety,8388685.54,7287596.23,16,0.72
2022,1,Z15,sanitation,sanitation,7634354.87,5846844.21,15,0.94
2022,1,Z15,parks,parks,9900637.45,7983456.09,19,0.73
2022,1,Z15,education,education,10068484.21,7123796.71,20,0.84
2022,2,Z15,infrastructure,infrastructure,13176388.04,11689991.06,26,0.89
2022,2,Z15,safety,safety,6808896.39,6957190.68,13,0.81
2022,2,Z15,sanitation,sanitation,5803626.64,5242223.77,11,0.86
2022,2,Z15,parks,parks,11016960.48,8668421.01,22,0.88
2022,2,Z15,education,education,5737762.01,5866127.81,11,0.96
2022,3,Z15,infrastructure,infrastructure,9689290.65,9130644.44,19,0.74
2022,3,Z15,safety,safety,10162852.87,8460745.57,20,0.75
2022,3,Z15,sanitation,sanitation,8161353.74,7866933.85,16,0.82
2022,3,Z15,parks,parks,10269942.54,8836912.31,20,0.7
2022,3,Z15,education,education,10377733.05,7497991.59,20,0.8
2022,4,Z15,infrastructure,infrastructure,7646585.04,5911817.1,15,0.61
2022,4,Z15,safety,safety,9006651.13,6968555.11,18,0.75
2022,4,Z15,sanitation,sanitation,8293693.23,8094079.57,16,0.7
2022,4,Z15,parks,parks,7489384.79,6482915.62,14,0.6
2022,4,Z15,education,education,10064614.07,9165353.79,20,0.62
2023,1,Z15,infrastructure,infrastructure,9236890.49,6919987.82,18,0.67
2023,1,Z15,safety,safety,9337287.77,6737617.9,18,0.68
2023,1,Z15,sanitation,sanitation,10886889.05,8608625.47,21,0.93
2023,1,Z15,parks,parks,6381352.52,5918159.29,12,0.84
2023,1,Z15,education,education,9390353.33,7489805.15,18,0.75
2023,2,Z15,infrastructure,infrastructure,13415756.2,13211598.98,26,0.9
2023,2,Z15,safety,safety,11111336.55,8655003.58,22,0.85
2023,2,Z15,sanitation,sanitation,11022196.44,9844484.43,22,0.88
2023,2,Z15,parks,parks,6522470.49,4630543.76,13,0.7
2023,2,Z15,education,education,10203521.3,8046892.2,20,0.75
2023,3,Z15,infrastructure,infrastructure,13026778.01,10627302.23,26,0.57
2023,3,Z15,safety,safety,9575017.6,9840577.79,19,0.85
2023,3,Z15,sanitation,sanitation,11658255.0,12192783.85,23,0.6
2023,3,Z15,parks,parks,11053892.92,8407486.87,22,0.86
2023,3,Z15,education,education,6469111.93,6485189.49,12,0.66
2023,4,Z15,infrastructure,infrastructure,10063550.95,7975500.59,20,0.57
2023,4,Z15,safety,safety,11424014.66,11625045.27,22,0.98
2023,4,Z15,sanitation,sanitation,11096197.71,9126175.42,22,0.94
2023,4,Z15,parks,parks,8362010.67,8576260.26,16,0.95
2023,4,Z15,education,education,9089431.37,8720812.15,18,0.73
2024,1,Z15,infrastructure,infrastructure,7468078.54,5688924.16,14,0.68
2024,1,Z15,safety,safety,11818958.4,9742897.78,23,0.99
2024,1,Z15,sanitation,sanitation,9754126.17,7228002.9,19,0.66
2024,1,Z15,parks,parks,5209387.71,4907158.01,10,0.56
2024,1,Z15,education,education,11549943.59,8917890.19,23,0.76
2024,2,Z15,infrastructure,infrastructure,10053437.18,7579229.04,20,0.64
2024,2,Z15,safety,safety,9188159.28,9264649.74,18,0.62
2024,2,Z15,sanitation,sanitation,5137140.15,4510553.62,10,0.56
2024,2,Z15,parks,parks,8694232.44,8051043.94,17,0.94
2024,2,Z15,education,education,8888001.03,8670793.71,17,0.75
2024,3,Z15,infrastructure,infrastructure,7658694.35,6127112.95,15,0.93
2024,3,Z15,safety,safety,7996342.06,7405590.48,15,0.64
2024,3,Z15,sanitation,sanitation,11690083.39,11609324.86,23,0.72
2024,3,Z15,parks,parks,6536555.35,6462533.65,13,0.63
2024,3,Z15,education,education,5375923.22,5632942.07,10,0.6
2024,4,Z15,infrastructure,infrastructure,10604367.63,10414341.58,21,0.82
2024,4,Z15,safety,safety,8590414.96,7613350.61,17,0.75
2024,4,Z15,sanitation,sanitation,5079961.85,3617852.2,10,0.99
2024,4,Z15,parks,parks,7864770.84,5906162.12,15,0.61
2024,4,Z15,education,education,10406108.84,8355927.42,20,0.96
