outage_id,date,zone_id,type,duration_hours,affected_residents,cause,latitude,longitude
OUT-000001,2025-01-01,Z13,sewer,1.3,933,storm_damage,17.361637,78.581532
OUT-000002,2025-01-01,Z09,sewer,6.1,2134,equipment_failure,17.399386,78.57382
OUT-000003,2025-01-01,Z05,gas,5.9,796,storm_damage,17.463092,78.569511
OUT-000004,2025-01-03,Z02,power,1.2,1279,construction,17.402562,78.495361
OUT-000005,2025-01-04,Z13,sewer,0,3582,equipment_failure,17.460319,78.536263
OUT-000006,2025-01-04,Z12,gas,2.8,1727,construction,17.418658,78.486543
OUT-000007,2025-01-05,Z01,sewer,5.1,2083,storm_damage,17.459072,78.53391
OUT-000008,2025-01-06,Z15,gas,2.7,285,storm_damage,17.339767,78.593846
OUT-000009,2025-01-06,Z12,power,4.3,335,storm_damage,17.441557,78.526125
OUT-000010,2025-01-07,Z08,sewer,0,1684,construction,17.474865,78.518456
OUT-000011,2025-01-07,Z01,gas,6.3,4145,storm_damage,17.373814,78.595583
OUT-000012,2025-01-09,Z15,sewer,3.5,1763,aging_infra,17.302108,78.549512
OUT-000013,2025-01-13,Z04,gas,7.0,550,aging_infra,17.34329,78.557164
OUT-000014,2025-01-13,Z11,gas,5.9,1667,overload,17.412125,78.478808
OUT-000015,2025-01-14,Z11,sewer,1.2,755,storm_damage,17.457236,78.52687
OUT-000016,2025-01-14,Z14,gas,4.7,1039,aging_infra,17.492491,78.448841
OUT-000017,2025-01-14,Z12,water,10.4,1465,overload,17.468237,78.478198
OUT-000018,2025-01-15,Z02,water,7.3,1312,equipment_failure,17.420222,78.567536
OUT-000019,2025-01-15,Z15,sewer,4.9,2806,overload,17.318264,78.464879
OUT-000020,2025-01-15,Z03,power,4.4,861,equipment_failure,17.472535,78.589738
OUT-000021,2025-01-16,Z06,gas,0.1,1176,construction,17.456253,78.40549
OUT-000022,2025-01-16,Z03,power,1.8,987,construction,17.314094,78.440619
OUT-000023,2025-01-17,Z05,water,4.9,1148,construction,17.471498,78.550171
OUT-000024,2025-01-20,Z15,gas,2.4,1870,storm_damage,17.303,78.417172
OUT-000025,2025-01-20,Z07,power,9.0,2482,storm_damage,17.356099,78.532345
OUT-000026,2025-01-21,Z07,power,1.1,1530,aging_infra,17.471777,78.594646
OUT-000027,2025-01-21,Z01,sewer,6.5,2351,storm_damage,17.419923,78.555898
OUT-000028,2025-01-21,Z15,water,0.4,1784,construction,17.325313,78.597997
OUT-000029,2025-01-23,Z03,power,8.0,3139,equipment_failure,17.352524,78.581653
OUT-000030,2025-01-23,Z12,sewer,0.1,2357,overload,17.30999,78.490806
OUT-000031,2025-01-24,Z01,water,5.8,324,equipment_failure,17.375049,78.430895
OUT-000032,2025-01-24,Z08,water,0,1412,storm_damage,17.474524,78.558851
OUT-000033,2025-01-25,Z04,water,2.7,2076,equipment_failure,17.308293,78.511296
OUT-000034,2025-01-26,Z09,sewer,7.7,827,overload,17.302039,78.494027
OUT-000035,2025-01-29,Z10,power,6.7,924,overload,17.32469,78.452091
OUT-000036,2025-01-30,Z08,water,3.3,2395,equipment_failure,17.304811,78.545553
OUT-000037,2025-01-30,Z01,water,4.3,1708,equipment_failure,17.427077,78.468366
OUT-000038,2025-01-31,Z14,power,6.5,483,aging_infra,17.336571,78.476765
OUT-000039,2025-02-02,Z08,sewer,9.1,2075,overload,17.434714,78.564374
OUT-000040,2025-02-02,Z06,water,6.6,268,storm_damage,17.489438,78.538373
OUT-000041,2025-02-02,Z12,power,1.7,561,overload,17.382007,78.526198
OUT-000042,2025-02-03,Z02,gas,4.1,213,equipment_failure,17.495374,78.573901
OUT-000043,2025-02-04,Z01,power,0,3482,construction,17.343714,78.465363
OUT-000044,2025-02-04,Z12,power,0.3,1976,equipment_failure,17.320635,78.588006
OUT-000045,2025-02-04,Z15,power,7.1,3449,storm_damage,17.385601,78.411402
OUT-000046,2025-02-07,Z03,gas,5.5,3222,overload,17.447283,78.58534
OUT-000047,2025-02-09,Z08,sewer,5.4,1967,equipment_failure,17.453104,78.412193
OUT-000048,2025-02-09,Z04,water,1.4,3182,storm_damage,17.429,78.505342
OUT-000049,2025-02-11,Z03,water,6.6,2055,aging_infra,17.442461,78.439724
OUT-000050,2025-02-11,Z01,sewer,1.0,1135,overload,17.31872,78.438161
OUT-000051,2025-02-15,Z13,water,4.4,1286,storm_damage,17.337516,78.41513
OUT-000052,2025-02-15,Z05,water,3.6,2340,construction,17.440687,78.504846
OUT-000053,2025-02-15,Z12,gas,13.3,2688,aging_infra,17.350186,78.598382
OUT-000054,2025-02-16,Z15,power,6.1,2170,overload,17.330297,78.502858
OUT-000055,2025-02-16,Z04,sewer,1.5,4380,construction,17.409864,78.449884
OUT-000056,2025-02-16,Z15,power,1.5,1984,overload,17.390737,78.493696
OUT-000057,2025-02-18,Z08,sewer,9.7,1982,overload,17.458583,78.532576
OUT-000058,2025-02-19,Z07,gas,7.1,827,aging_infra,17.35337,78.570125
OUT-000059,2025-02-19,Z14,water,7.3,429,aging_infra,17.417466,78.442
OUT-000060,2025-02-20,Z08,water,1.8,652,aging_infra,17.331433,78.48983
OUT-000061,2025-02-20,Z15,sewer,1.9,3159,construction,17.35232,78.412617
OUT-000062,2025-02-20,Z11,water,5.1,1097,construction,17.369242,78.587008
OUT-000063,2025-02-22,Z15,gas,1.6,109,storm_damage,17.497716,78.465004
OUT-000064,2025-02-22,Z10,power,2.2,1224,storm_damage,17.382698,78.588233
OUT-000065,2025-02-22,Z10,sewer,4.5,676,aging_infra,17.455097,78.45893
OUT-000066,2025-02-23,Z07,gas,2.3,1348,storm_damage,17.319719,78.427572
OUT-000067,2025-02-24,Z12,sewer,5.6,2019,overload,17.457821,78.543978
OUT-000068,2025-02-24,Z06,sewer,8.9,2526,equipment_failure,17.415205,78.545778
OUT-000069,2025-02-26,Z12,power,3.0,162,overload,17.373777,78.435258
OUT-000070,2025-02-28,Z01,sewer,0,488,storm_damage,17.346976,78.401815
OUT-000071,2025-03-02,Z10,water,6.9,2102,overload,17.442577,78.486342
OUT-000072,2025-03-02,Z05,power,4.6,1909,equipment_failure,17.384904,78.530478
OUT-000073,2025-03-06,Z05,gas,6.7,843,construction,17.349215,78.418542
OUT-000074,2025-03-06,Z09,water,5.5,991,overload,17.430103,78.408385
OUT-000075,2025-03-14,Z15,power,6.5,1568,construction,17.313703,78.418673
OUT-000076,2025-03-14,Z01,sewer,0,265,aging_infra,17.400029,78.532287
OUT-000077,2025-03-14,Z05,sewer,7.6,1964,aging_infra,17.490555,78.545124
OUT-000078,2025-03-15,Z07,water,6.1,243,equipment_failure,17.470378,78.526728
OUT-000079,2025-03-15,Z13,gas,4.9,3417,storm_damage,17.427389,78.423349
OUT-000080,2025-03-15,Z04,water,10.8,3632,construction,17.397523,78.534184
OUT-000081,2025-03-16,Z04,water,7.5,1872,storm_damage,17.453294,78.557305
OUT-000082,2025-03-16,Z14,sewer,1.3,2067,equipment_failure,17.306608,78.413595
OUT-000083,2025-03-19,Z03,water,5.3,1469,overload,17.304162,78.567776
OUT-000084,2025-03-19,Z12,gas,6.1,2257,construction,17.43054,78.557417
OUT-000085,2025-03-19,Z02,gas,6.9,1339,storm_damage,17.488616,78.541949
OUT-000086,2025-03-23,Z08,water,8.0,2023,construction,17.445833,78.410888
OUT-000087,2025-03-23,Z01,gas,1.4,2936,storm_damage,17.326869,78.443561
OUT-000088,2025-03-28,Z02,water,3.5,2355,equipment_failure,17.387498,78.5083
OUT-000089,2025-03-28,Z04,gas,3.9,3700,overload,17.373686,78.493487
OUT-000090,2025-03-28,Z07,water,7.4,1629,storm_damage,17.468573,78.557194
OUT-000091,2025-03-29,Z06,gas,6.6,420,aging_infra,17.465643,78.495654
OUT-000092,2025-03-29,Z12,power,11.4,2539,equipment_failure,17.347615,78.405756
OUT-000093,2025-03-30,Z11,power,1.4,404,storm_damage,17.483806,78.489142
OUT-000094,2025-03-31,Z08,gas,7.1,149,overload,17.363661,78.43635
OUT-000095,2025-03-31,Z03,water,1.2,1358,storm_damage,17.447149,78.599011
OUT-000096,2025-04-02,Z04,sewer,6.0,4190,construction,17.373397,78.503607
OUT-000097,2025-04-02,Z04,sewer,4.1,2535,equipment_failure,17.302889,78.4139
OUT-000098,2025-04-02,Z14,sewer,1.4,103,overload,17.427073,78.560327
OUT-000099,2025-04-03,Z14,power,4.1,557,storm_damage,17.424353,78.505341
OUT-000100,2025-04-05,Z02,gas,7.0,1039,storm_damage,17.439443,78.590779
OUT-000101,2025-04-05,Z14,water,7.8,1858,construction,17.339148,78.599199
OUT-000102,2025-04-05,Z15,sewer,4.9,3463,equipment_failure,17.422119,78.497963
OUT-000103,2025-04-06,Z01,power,0,2347,aging_infra,17.32453,78.591903
OUT-000104,2025-04-07,Z11,gas,7.1,242,aging_infra,17.448771,78.475342
OUT-000105,2025-04-07,Z01,water,6.4,906,construction,17.409166,78.435461
OUT-000106,2025-04-08,Z15,sewer,1.9,2156,storm_damage,17.427194,78.485604
OUT-000107,2025-04-08,Z14,gas,2.5,301,equipment_failure,17.483251,78.407932
OUT-000108,2025-04-09,Z01,gas,4.7,3669,construction,17.334947,78.426019
OUT-000109,2025-04-10,Z11,water,6.0,1268,overload,17.331329,78.512293
OUT-000110,2025-04-10,Z10,gas,2.0,2231,equipment_failure,17.482157,78.460144
OUT-000111,2025-04-10,Z15,power,6.5,79,equipment_failure,17.362167,78.560837
OUT-000112,2025-04-12,Z05,power,2.8,2200,aging_infra,17.395932,78.422409
OUT-000113,2025-04-12,Z14,gas,0,2010,storm_damage,17.363089,78.431897
OUT-000114,2025-04-12,Z10,sewer,6.7,1184,storm_damage,17.475458,78.42961
OUT-000115,2025-04-13,Z09,gas,3.3,2690,equipment_failure,17.326937,78.565486
OUT-000116,2025-04-13,Z03,water,6.8,2010,equipment_failure,17.302126,78.540351
OUT-000117,2025-04-15,Z13,gas,0.9,3884,storm_damage,17.462067,78.422305
OUT-000118,2025-04-17,Z12,sewer,6.5,1579,aging_infra,17.451561,78.514696
OUT-000119,2025-04-18,Z05,power,5.1,2891,equipment_failure,17.369775,78.584071
OUT-000120,2025-04-18,Z04,gas,4.9,2649,equipment_failure,17.428506,78.534548
OUT-000121,2025-04-20,Z08,sewer,7.7,552,storm_damage,17.354833,78.571571
OUT-000122,2025-04-20,Z09,sewer,7.2,634,construction,17.374617,78.551909
OUT-000123,2025-04-20,Z09,sewer,4.8,1965,overload,17.320628,78.432637
OUT-000124,2025-04-22,Z06,power,2.2,1793,storm_damage,17.341517,78.48772
OUT-000125,2025-04-23,Z04,sewer,0.3,3429,aging_infra,17.3873,78.568382
OUT-000126,2025-04-23,Z11,gas,1.4,487,equipment_failure,17.466381,78.50959
OUT-000127,2025-04-24,Z05,sewer,6.5,929,construction,17.38914,78.53722
OUT-000128,2025-04-24,Z01,gas,2.5,1789,equipment_failure,17.357025,78.440728
OUT-000129,2025-04-25,Z03,sewer,1.6,3245,overload,17.446776,78.428988
OUT-000130,2025-04-25,Z09,gas,2.1,401,equipment_failure,17.403997,78.566377
OUT-000131,2025-04-25,Z03,sewer,2.6,1470,aging_infra,17.318081,78.584397
OUT-000132,2025-04-26,Z11,sewer,5.1,2248,storm_damage,17.455361,78.565883
OUT-000133,2025-04-26,Z04,sewer,2.2,3120,overload,17.406401,78.552622
OUT-000134,2025-04-26,Z08,gas,4.4,758,storm_damage,17.331639,78.507493
OUT-000135,2025-04-29,Z10,gas,6.1,1285,aging_infra,17.329433,78.508478
OUT-000136,2025-04-29,Z12,sewer,8.7,334,overload,17.375899,78.410782
OUT-000137,2025-04-29,Z01,gas,0,2787,storm_damage,17.374266,78.501111
OUT-000138,2025-05-01,Z10,power,10.7,2097,aging_infra,17.445781,78.570035
OUT-000139,2025-05-04,Z01,sewer,9.2,2390,overload,17.463755,78.487076
OUT-000140,2025-05-04,Z09,sewer,1.1,2584,equipment_failure,17.465547,78.548495
OUT-000141,2025-05-04,Z15,water,0.1,678,overload,17.324636,78.589127
OUT-000142,2025-05-05,Z13,water,3.0,1441,storm_damage,17.475522,78.479087
OUT-000143,2025-05-05,Z04,power,6.5,2351,construction,17.432334,78.471018
OUT-000144,2025-05-06,Z05,power,4.6,1982,aging_infra,17.426434,78.429666
OUT-000145,2025-05-10,Z03,water,2.1,2082,construction,17.407363,78.553867
OUT-000146,2025-05-10,Z03,sewer,2.6,3339,overload,17.431107,78.575105
OUT-000147,2025-05-10,Z06,power,4.3,360,equipment_failure,17.360015,78.510398
OUT-000148,2025-05-11,Z04,water,4.4,1685,overload,17.47524,78.430658
OUT-000149,2025-05-13,Z02,power,1.4,1838,storm_damage,17.367092,78.573625
OUT-000150,2025-05-13,Z01,sewer,7.3,2986,construction,17.365027,78.578477
OUT-000151,2025-05-13,Z11,gas,0.7,3201,aging_infra,17.472657,78.506471
OUT-000152,2025-05-14,Z09,water,0.7,2194,construction,17.361803,78.412897
OUT-000153,2025-05-14,Z13,sewer,5.4,1570,equipment_failure,17.380213,78.40722
OUT-000154,2025-05-15,Z02,water,6.6,713,aging_infra,17.428059,78.519471
OUT-000155,2025-05-15,Z07,sewer,6.0,3372,aging_infra,17.33483,78.466681
OUT-000156,2025-05-15,Z03,sewer,5.9,3868,overload,17.493903,78.524507
OUT-000157,2025-05-17,Z02,gas,7.2,2427,equipment_failure,17.321813,78.57607
OUT-000158,2025-05-17,Z04,water,3.4,4247,overload,17.380726,78.469726
OUT-000159,2025-05-17,Z06,power,4.9,2180,aging_infra,17.443311,78.492301
OUT-000160,2025-05-18,Z02,power,0,2054,equipment_failure,17.337713,78.461546
OUT-000161,2025-05-18,Z07,gas,0.8,2475,aging_infra,17.443958,78.53787
OUT-000162,2025-05-19,Z15,water,3.2,495,overload,17.428895,78.476568
OUT-000163,2025-05-19,Z08,water,3.3,2084,construction,17.427727,78.478301
OUT-000164,2025-05-21,Z08,power,7.2,1666,construction,17.331244,78.53226
OUT-000165,2025-05-21,Z06,gas,7.0,1836,aging_infra,17.407142,78.545689
OUT-000166,2025-05-21,Z06,water,9.7,1130,aging_infra,17.467711,78.444933
OUT-000167,2025-05-22,Z15,sewer,4.8,1935,storm_damage,17.419425,78.421793
OUT-000168,2025-05-22,Z14,gas,6.3,2041,storm_damage,17.39096,78.401264
OUT-000169,2025-05-23,Z03,gas,0.8,2772,overload,17.462274,78.536396
OUT-000170,2025-05-24,Z02,gas,1.5,979,equipment_failure,17.460828,78.454834
OUT-000171,2025-05-24,Z06,sewer,2.9,1093,aging_infra,17.496529,78.43886
OUT-000172,2025-05-24,Z03,gas,4.3,3346,overload,17.373406,78.454735
OUT-000173,2025-05-28,Z06,sewer,1.7,2826,construction,17.434057,78.419802
OUT-000174,2025-05-28,Z01,power,7.0,2946,storm_damage,17.351433,78.597769
OUT-000175,2025-05-28,Z14,gas,3.0,2072,construction,17.441001,78.408742
OUT-000176,2025-05-30,Z06,water,2.6,810,construction,17.436848,78.499017
OUT-000177,2025-05-30,Z07,gas,2.3,554,aging_infra,17.334463,78.426756
OUT-000178,2025-05-30,Z09,water,5.4,1789,storm_damage,17.392177,78.444298
OUT-000179,2025-05-31,Z08,gas,3.8,1444,aging_infra,17.453994,78.576656
OUT-000180,2025-05-31,Z12,power,6.0,714,overload,17.405763,78.521718
OUT-000181,2025-06-04,Z13,power,6.2,3844,equipment_failure,17.348168,78.420162
OUT-000182,2025-06-04,Z06,sewer,1.9,2070,construction,17.49457,78.532405
OUT-000183,2025-06-04,Z01,water,6.2,1385,overload,17.311237,78.426464
OUT-000184,2025-06-05,Z13,water,4.5,2351,construction,17.369468,78.518897
OUT-000185,2025-06-06,Z07,gas,10.4,1800,overload,17.301403,78.436031
OUT-000186,2025-06-06,Z15,sewer,8.3,3203,equipment_failure,17.381117,78.565586
OUT-000187,2025-06-06,Z01,power,4.3,2227,aging_infra,17.473846,78.478636
OUT-000188,2025-06-08,Z02,gas,9.3,1303,construction,17.319906,78.585746
OUT-000189,2025-06-08,Z06,sewer,4.5,118,aging_infra,17.343762,78.495307
OUT-000190,2025-06-08,Z09,power,3.2,301,aging_infra,17.356725,78.587664
OUT-000191,2025-06-09,Z08,water,10.3,709,aging_infra,17.389648,78.429115
OUT-000192,2025-06-09,Z07,power,0.5,1673,aging_infra,17.479234,78.500479
OUT-000193,2025-06-10,Z14,power,4.8,171,storm_damage,17.374007,78.529814
OUT-000194,2025-06-10,Z14,gas,9.8,215,overload,17.493153,78.52077
OUT-000195,2025-06-10,Z05,gas,2.5,3289,aging_infra,17.476494,78.407772
OUT-000196,2025-06-11,Z03,power,0.1,2159,construction,17.392601,78.446258
OUT-000197,2025-06-11,Z04,sewer,6.1,695,overload,17.389837,78.41124
OUT-000198,2025-06-11,Z07,sewer,1.9,1291,aging_infra,17.437541,78.52355
OUT-000199,2025-06-12,Z01,power,3.6,3420,construction,17.359428,78.411597
OUT-000200,2025-06-12,Z13,gas,0,460,storm_damage,17.317854,78.524401
OUT-000201,2025-06-12,Z09,gas,5.6,416,equipment_failure,17.377835,78.463837
OUT-000202,2025-06-13,Z04,power,2.1,2848,storm_damage,17.393505,78.539876
OUT-000203,2025-06-14,Z11,power,3.7,2232,equipment_failure,17.444307,78.445363
OUT-000204,2025-06-15,Z07,gas,0,1101,construction,17.385284,78.486775
OUT-000205,2025-06-15,Z15,sewer,0.9,3586,construction,17.307883,78.549149
OUT-000206,2025-06-15,Z11,gas,5.1,1783,equipment_failure,17.442221,78.503917
OUT-000207,2025-06-18,Z03,power,8.8,2003,overload,17.492158,78.529211
OUT-000208,2025-06-18,Z02,gas,4.3,2705,aging_infra,17.452086,78.453684
OUT-000209,2025-06-18,Z13,gas,8.1,1306,equipment_failure,17.377434,78.571444
OUT-000210,2025-06-19,Z11,water,3.5,1172,overload,17.484102,78.597094
OUT-000211,2025-06-19,Z05,gas,4.4,2988,overload,17.376445,78.429132
OUT-000212,2025-06-20,Z01,sewer,3.9,2906,aging_infra,17.352298,78.498491
OUT-000213,2025-06-22,Z15,water,6.4,3401,equipment_failure,17.407706,78.456473
OUT-000214,2025-06-22,Z03,gas,6.0,367,storm_damage,17.380586,78.450495
OUT-000215,2025-06-22,Z04,power,7.3,2166,storm_damage,17.498174,78.417922
OUT-000216,2025-06-24,Z04,power,6.8,1332,overload,17.455003,78.507118
OUT-000217,2025-06-24,Z05,water,7.5,2851,aging_infra,17.386193,78.464555
OUT-000218,2025-06-24,Z09,power,5.6,2772,construction,17.465323,78.531814
OUT-000219,2025-06-27,Z04,water,0,4533,storm_damage,17.437262,78.589822
OUT-000220,2025-06-27,Z03,gas,1.7,3480,overload,17.496592,78.415539
OUT-000221,2025-06-27,Z11,sewer,2.7,3505,overload,17.315039,78.543132
OUT-000222,2025-06-28,Z06,water,9.5,2148,overload,17.315466,78.41331
OUT-000223,2025-06-28,Z04,water,4.0,1007,construction,17.373288,78.582742
OUT-000224,2025-07-01,Z04,water,0,1149,construction,17.384718,78.598502
OUT-000225,2025-07-01,Z10,gas,7.0,2171,aging_infra,17.361556,78.457653
OUT-000226,2025-07-01,Z03,power,1.1,3596,overload,17.426584,78.558884
OUT-000227,2025-07-04,Z01,sewer,0.7,2998,equipment_failure,17.338466,78.577625
OUT-000228,2025-07-04,Z07,water,9.8,2160,storm_damage,17.482294,78.449664
OUT-000229,2025-07-04,Z05,gas,3.4,3054,aging_infra,17.356416,78.557881
OUT-000230,2025-07-05,Z07,water,6.8,2836,construction,17.364963,78.53697
OUT-000231,2025-07-07,Z01,gas,9.6,341,construction,17.404193,78.408871
OUT-000232,2025-07-07,Z11,power,4.5,1227,aging_infra,17.444775,78.57742
OUT-000233,2025-07-07,Z10,sewer,5.7,784,aging_infra,17.435863,78.488453
OUT-000234,2025-07-09,Z04,power,4.0,895,construction,17.494189,78.596851
OUT-000235,2025-07-09,Z15,sewer,0,1725,aging_infra,17.332911,78.579131
OUT-000236,2025-07-09,Z03,sewer,4.2,2914,equipment_failure,17.401691,78.486187
OUT-000237,2025-07-11,Z02,sewer,2.7,492,storm_damage,17.300604,78.516456
OUT-000238,2025-07-11,Z13,sewer,2.3,391,equipment_failure,17.454119,78.594398
OUT-000239,2025-07-11,Z02,sewer,9.5,2021,equipment_failure,17.439924,78.476643
OUT-000240,2025-07-12,Z02,sewer,9.3,2100,aging_infra,17.301031,78.415499
OUT-000241,2025-07-13,Z04,sewer,3.7,1930,storm_damage,17.337352,78.52803
OUT-000242,2025-07-13,Z13,sewer,5.0,178,storm_damage,17.494262,78.440466
OUT-000243,2025-07-13,Z05,sewer,5.8,1079,aging_infra,17.451356,78.567925
OUT-000244,2025-07-15,Z14,water,5.0,1583,aging_infra,17.39495,78.551276
OUT-000245,2025-07-15,Z02,power,2.1,2170,storm_damage,17.383417,78.540251
OUT-000246,2025-07-15,Z03,water,0,2684,equipment_failure,17.323878,78.438195
OUT-000247,2025-07-16,Z05,power,6.4,1902,aging_infra,17.438119,78.599879
OUT-000248,2025-07-16,Z12,power,1.1,256,construction,17.464686,78.571629
OUT-000249,2025-07-16,Z13,gas,6.5,2130,construction,17.32293,78.585528
OUT-000250,2025-07-17,Z12,power,2.4,1890,equipment_failure,17.38814,78.413646
OUT-000251,2025-07-19,Z04,power,5.8,1436,storm_damage,17.339119,78.536042
OUT-000252,2025-07-20,Z05,power,2.6,3474,equipment_failure,17.307137,78.409434
OUT-000253,2025-07-20,Z10,water,6.0,1493,equipment_failure,17.452038,78.519166
OUT-000254,2025-07-23,Z13,water,8.5,2285,construction,17.481115,78.404657
OUT-000255,2025-07-26,Z05,power,4.6,3562,overload,17.365714,78.487519
OUT-000256,2025-07-28,Z02,water,0.6,2681,overload,17.487211,78.429223
OUT-000257,2025-07-28,Z15,sewer,8.4,3587,overload,17.466757,78.51896
OUT-000258,2025-07-30,Z11,sewer,6.0,3026,storm_damage,17.482938,78.489573
OUT-000259,2025-07-30,Z05,power,4.1,2683,equipment_failure,17.335309,78.446147
OUT-000260,2025-07-31,Z02,power,2.7,2141,storm_damage,17.388871,78.423803
OUT-000261,2025-08-01,Z06,sewer,4.4,2779,equipment_failure,17.384419,78.563802
OUT-000262,2025-08-01,Z13,power,3.4,590,storm_damage,17.316875,78.597392
OUT-000263,2025-08-02,Z13,power,3.9,1480,overload,17.375189,78.402352
OUT-000264,2025-08-04,Z07,sewer,4.2,2429,equipment_failure,17.31874,78.56921
OUT-000265,2025-08-04,Z04,gas,1.9,3318,equipment_failure,17.325784,78.435152
OUT-000266,2025-08-04,Z04,gas,8.0,966,overload,17.439762,78.408753
OUT-000267,2025-08-05,Z05,water,7.4,3463,aging_infra,17.359454,78.531985
OUT-000268,2025-08-05,Z14,power,0,1433,equipment_failure,17.403751,78.447257
OUT-000269,2025-08-06,Z03,water,7.1,2884,equipment_failure,17.492726,78.443683
OUT-000270,2025-08-06,Z05,water,2.6,3437,construction,17.303201,78.449598
OUT-000271,2025-08-06,Z09,water,6.4,2907,equipment_failure,17.424605,78.579293
OUT-000272,2025-08-08,Z13,power,0,2523,storm_damage,17.474802,78.446859
OUT-000273,2025-08-08,Z14,water,9.7,311,aging_infra,17.317856,78.516789
OUT-000274,2025-08-08,Z05,gas,6.0,210,aging_infra,17.306868,78.566589
OUT-000275,2025-08-10,Z05,water,4.4,200,construction,17.449535,78.527104
OUT-000276,2025-08-10,Z05,power,7.6,2297,storm_damage,17.321982,78.405754
OUT-000277,2025-08-11,Z06,water,4.7,1516,overload,17.304828,78.581866
OUT-000278,2025-08-11,Z13,sewer,5.3,4152,overload,17.377392,78.434573
OUT-000279,2025-08-13,Z06,gas,4.4,1708,equipment_failure,17.433072,78.493007
OUT-000280,2025-08-13,Z04,gas,10.2,287,aging_infra,17.454708,78.470566
OUT-000281,2025-08-18,Z15,power,3.8,3478,overload,17.30439,78.440203
OUT-000282,2025-08-20,Z13,water,2.3,1588,overload,17.315829,78.557994
OUT-000283,2025-08-21,Z04,sewer,0.2,4325,overload,17.47321,78.409969
OUT-000284,2025-08-22,Z15,water,1.6,1746,storm_damage,17.301155,78.516882
OUT-000285,2025-08-22,Z12,gas,3.9,1726,aging_infra,17.309431,78.406901
OUT-000286,2025-08-25,Z04,power,4.9,3330,overload,17.392693,78.556214
OUT-000287,2025-08-25,Z05,sewer,9.8,381,overload,17.360611,78.414015
OUT-000288,2025-08-27,Z15,power,4.5,774,construction,17.417519,78.500195
OUT-000289,2025-08-27,Z15,water,0.4,2972,overload,17.496147,78.472482
OUT-000290,2025-08-27,Z03,power,2.7,628,overload,17.483666,78.59042
OUT-000291,2025-08-28,Z04,water,1.0,2585,construction,17.477447,78.543818
OUT-000292,2025-08-30,Z11,gas,1.3,1470,overload,17.499692,78.510261
OUT-000293,2025-08-31,Z15,power,2.7,3041,overload,17.321445,78.503459
OUT-000294,2025-08-31,Z08,power,6.0,1304,equipment_failure,17.38797,78.451648
OUT-000295,2025-09-01,Z15,water,4.1,2690,overload,17.301347,78.466546
OUT-000296,2025-09-01,Z05,gas,6.4,2258,storm_damage,17.443457,78.438649
OUT-000297,2025-09-02,Z06,power,1.3,2403,construction,17.398054,78.463799
OUT-000298,2025-09-04,Z03,water,3.0,2587,storm_damage,17.430295,78.521035
OUT-000299,2025-09-05,Z04,gas,3.6,156,aging_infra,17.487295,78.533148
OUT-000300,2025-09-05,Z07,sewer,6.9,3273,equipment_failure,17.475377,78.532981
OUT-000301,2025-09-06,Z14,gas,5.1,429,storm_damage,17.470536,78.507674
OUT-000302,2025-09-06,Z09,water,4.0,567,equipment_failure,17.301426,78.452488
OUT-000303,2025-09-09,Z04,power,2.1,399,overload,17.475056,78.56066
OUT-000304,2025-09-09,Z10,sewer,3.7,182,equipment_failure,17.385227,78.404259
OUT-000305,2025-09-12,Z15,gas,6.2,306,aging_infra,17.461015,78.503049
OUT-000306,2025-09-13,Z01,power,2.3,1892,construction,17.445077,78.443271
OUT-000307,2025-09-14,Z11,sewer,8.7,3329,storm_damage,17.335428,78.494142
OUT-000308,2025-09-14,Z15,water,4.7,3003,aging_infra,17.312691,78.44222
OUT-000309,2025-09-15,Z13,gas,2.8,1252,construction,17.395011,78.527579
OUT-000310,2025-09-15,Z05,power,2.6,1340,aging_infra,17.358144,78.549703
OUT-000311,2025-09-18,Z12,gas,1.4,2355,construction,17.471062,78.544148
OUT-000312,2025-09-18,Z02,gas,1.5,1174,aging_infra,17.422773,78.524147
OUT-000313,2025-09-21,Z02,water,4.2,1784,storm_damage,17.479547,78.486456
OUT-000314,2025-09-24,Z13,power,7.8,1810,overload,17.426804,78.466976
OUT-000315,2025-09-27,Z03,sewer,6.8,592,overload,17.316091,78.559899
OUT-000316,2025-09-27,Z08,power,5.2,542,construction,17.393187,78.486349
OUT-000317,2025-09-29,Z11,water,10.3,2326,equipment_failure,17.48206,78.56765
OUT-000318,2025-09-30,Z03,gas,4.4,2653,equipment_failure,17.418584,78.540386
OUT-000319,2025-10-02,Z13,sewer,8.4,1643,aging_infra,17.42666,78.472443
OUT-000320,2025-10-02,Z04,gas,2.1,892,overload,17.356237,78.510694
OUT-000321,2025-10-02,Z05,water,7.5,1832,aging_infra,17.386403,78.42562
OUT-000322,2025-10-03,Z03,gas,3.8,3546,overload,17.455993,78.537157
OUT-000323,2025-10-08,Z06,water,0.5,184,storm_damage,17.464934,78.564355
OUT-000324,2025-10-09,Z07,power,8.9,3160,aging_infra,17.300409,78.521053
OUT-000325,2025-10-13,Z03,water,5.5,468,construction,17.432958,78.562297
OUT-000326,2025-10-15,Z05,gas,3.5,1007,aging_infra,17.322766,78.579311
OUT-000327,2025-10-17,Z04,power,5.4,3620,construction,17.420871,78.426357
OUT-000328,2025-10-18,Z02,sewer,7.5,1082,aging_infra,17.485655,78.422167
OUT-000329,2025-10-18,Z03,sewer,6.4,1834,overload,17.355927,78.521808
OUT-000330,2025-10-18,Z09,water,6.1,696,construction,17.310734,78.493772
OUT-000331,2025-10-23,Z02,power,5.2,1523,equipment_failure,17.311827,78.569457
OUT-000332,2025-10-23,Z10,gas,0,1323,equipment_failure,17.419454,78.589985
OUT-000333,2025-10-25,Z04,gas,4.3,3018,construction,17.380814,78.461413
OUT-000334,2025-10-25,Z01,water,5.2,4227,aging_infra,17.417929,78.575665
OUT-000335,2025-10-25,Z01,gas,5.9,1649,aging_infra,17.358794,78.458635
OUT-000336,2025-10-26,Z07,power,0,1404,overload,17.423755,78.417129
OUT-000337,2025-10-27,Z11,power,7.6,922,overload,17.347273,78.414942
OUT-000338,2025-10-27,Z02,sewer,0.9,2863,equipment_failure,17.367389,78.468613
OUT-000339,2025-10-28,Z04,sewer,1.5,4355,aging_infra,17.316802,78.568198
OUT-000340,2025-10-28,Z01,power,4.7,3339,aging_infra,17.311007,78.44027
OUT-000341,2025-10-28,Z04,water,5.8,1320,aging_infra,17.316488,78.465832
OUT-000342,2025-10-29,Z13,gas,5.0,2619,overload,17.420934,78.519175
OUT-000343,2025-10-29,Z01,power,10.7,154,equipment_failure,17.385863,78.483206
OUT-000344,2025-10-30,Z14,water,0,487,construction,17.42557,78.480555
OUT-000345,2025-10-30,Z11,gas,2.6,1241,aging_infra,17.369454,78.527268
OUT-000346,2025-10-31,Z01,sewer,2.0,1422,overload,17.449686,78.437549
OUT-000347,2025-10-31,Z05,water,6.6,1622,aging_infra,17.326117,78.455834
OUT-000348,2025-11-01,Z04,sewer,5.1,2948,equipment_failure,17.41432,78.433751
OUT-000349,2025-11-01,Z14,sewer,1.2,1918,overload,17.487812,78.588198
OUT-000350,2025-11-02,Z03,sewer,0.8,758,construction,17.312998,78.473863
OUT-000351,2025-11-02,Z15,gas,3.4,81,aging_infra,17.344313,78.524502
OUT-000352,2025-11-02,Z01,power,1.4,2828,equipment_failure,17.449398,78.556846
OUT-000353,2025-11-07,Z12,sewer,0,1234,storm_damage,17.325952,78.464063
OUT-000354,2025-11-07,Z07,water,3.7,3303,storm_damage,17.407836,78.410012
OUT-000355,2025-11-07,Z04,water,4.6,1002,construction,17.362597,78.578075
OUT-000356,2025-11-08,Z13,water,7.4,2460,storm_damage,17.408731,78.421506
OUT-000357,2025-11-08,Z03,power,0,3885,equipment_failure,17.465821,78.501783
OUT-000358,2025-11-09,Z06,power,1.3,148,storm_damage,17.380324,78.446878
OUT-000359,2025-11-09,Z07,power,7.1,540,construction,17.325509,78.497169
OUT-000360,2025-11-09,Z07,power,1.9,3153,equipment_failure,17.419249,78.425083
OUT-000361,2025-11-10,Z04,power,3.0,225,equipment_failure,17.318408,78.564542
OUT-000362,2025-11-12,Z11,sewer,4.4,1879,equipment_failure,17.400063,78.593075
OUT-000363,2025-11-12,Z03,gas,4.2,2315,storm_damage,17.420983,78.51887
OUT-000364,2025-11-12,Z11,gas,7.4,2435,storm_damage,17.424176,78.493948
OUT-000365,2025-11-13,Z09,sewer,1.0,598,overload,17.498619,78.535062
OUT-000366,2025-11-13,Z03,gas,4.1,2924,storm_damage,17.419918,78.59475
OUT-000367,2025-11-15,Z06,water,2.1,2243,aging_infra,17.485554,78.502145
OUT-000368,2025-11-15,Z05,sewer,0,2287,storm_damage,17.489609,78.537943
OUT-000369,2025-11-17,Z08,gas,0,1162,aging_infra,17.371911,78.443338
OUT-000370,2025-11-17,Z05,power,3.9,787,storm_damage,17.457723,78.516825
OUT-000371,2025-11-18,Z05,gas,5.8,1545,construction,17.372072,78.50459
OUT-000372,2025-11-18,Z04,water,10.5,4376,overload,17.475185,78.549691
OUT-000373,2025-11-19,Z13,power,4.1,1031,construction,17.337205,78.561076
OUT-000374,2025-11-19,Z09,sewer,2.1,1221,storm_damage,17.348067,78.54751
OUT-000375,2025-11-19,Z01,gas,9.9,3687,aging_infra,17.324943,78.578126
OUT-000376,2025-11-20,Z04,water,4.5,265,overload,17.478726,78.510821
OUT-000377,2025-11-20,Z01,sewer,6.5,3419,aging_infra,17.358129,78.42603
OUT-000378,2025-11-20,Z07,sewer,7.6,2040,overload,17.466859,78.552764
OUT-000379,2025-11-21,Z05,power,4.3,343,storm_damage,17.32366,78.520624
OUT-000380,2025-11-21,Z01,water,8.5,2570,overload,17.379504,78.45311
OUT-000381,2025-11-21,Z14,power,9.0,200,equipment_failure,17.417914,78.561607
OUT-000382,2025-11-22,Z13,water,8.9,70,construction,17.422762,78.532811
OUT-000383,2025-11-23,Z03,gas,9.0,1224,storm_damage,17.467746,78.43426
OUT-000384,2025-11-23,Z14,gas,7.4,2089,equipment_failure,17.376974,78.494407
OUT-000385,2025-11-23,Z04,gas,3.7,2201,overload,17.479889,78.499483
OUT-000386,2025-11-25,Z03,sewer,8.4,1310,storm_damage,17.306701,78.441527
OUT-000387,2025-11-26,Z04,water,9.7,4590,overload,17.400043,78.519547
OUT-000388,2025-11-27,Z14,gas,2.2,1817,storm_damage,17.478365,78.453143
OUT-000389,2025-11-27,Z15,gas,1.3,3711,equipment_failure,17.334813,78.445028
OUT-000390,2025-11-28,Z01,gas,1.4,416,aging_infra,17.428493,78.519085
OUT-000391,2025-11-30,Z01,water,0,2328,construction,17.401374,78.589004
OUT-000392,2025-11-30,Z12,sewer,0.7,536,equipment_failure,17.335008,78.415304
OUT-000393,2025-11-30,Z12,power,8.6,2244,equipment_failure,17.367058,78.487857
OUT-000394,2025-12-02,Z08,power,4.8,1353,equipment_failure,17.374686,78.525455
OUT-000395,2025-12-02,Z06,water,11.8,1877,storm_damage,17.35027,78.42775
OUT-000396,2025-12-03,Z15,gas,4.2,2356,construction,17.347797,78.412381
OUT-000397,2025-12-04,Z05,water,5.1,1312,equipment_failure,17.373967,78.550279
OUT-000398,2025-12-04,Z01,power,3.0,2141,aging_infra,17.481973,78.467713
OUT-000399,2025-12-06,Z07,power,5.5,1221,storm_damage,17.494124,78.511049
OUT-000400,2025-12-06,Z15,sewer,4.3,1198,aging_infra,17.334431,78.503602
OUT-000401,2025-12-06,Z14,water,3.2,2078,aging_infra,17.433298,78.486047
OUT-000402,2025-12-07,Z03,water,11.5,1101,aging_infra,17.372303,78.496025
OUT-000403,2025-12-08,Z01,sewer,0.5,279,aging_infra,17.418737,78.484423
OUT-000404,2025-12-08,Z13,sewer,3.8,3184,overload,17.351154,78.484053
OUT-000405,2025-12-10,Z12,sewer,4.0,2289,aging_infra,17.439651,78.59468
OUT-000406,2025-12-11,Z05,power,4.9,2329,aging_infra,17.466363,78.4899
OUT-000407,2025-12-11,Z04,gas,1.2,1462,storm_damage,17.417369,78.492207
OUT-000408,2025-12-12,Z11,sewer,7.0,3056,overload,17.383937,78.410464
OUT-000409,2025-12-12,Z15,gas,6.8,899,aging_infra,17.420614,78.550294
OUT-000410,2025-12-16,Z08,power,6.0,2051,overload,17.348035,78.559756
OUT-000411,2025-12-21,Z15,power,5.3,331,construction,17.358473,78.577296
OUT-000412,2025-12-21,Z06,sewer,3.2,1225,overload,17.357725,78.453061
OUT-000413,2025-12-21,Z01,sewer,0.9,4009,overload,17.429824,78.488387
OUT-000414,2025-12-22,Z02,power,7.0,53,aging_infra,17.434749,78.522552
OUT-000415,2025-12-24,Z01,gas,5.4,3682,overload,17.350377,78.538734
OUT-000416,2025-12-25,Z06,sewer,5.3,1136,aging_infra,17.429554,78.500334
OUT-000417,2025-12-25,Z05,sewer,8.9,2378,aging_infra,17.445965,78.53037
OUT-000418,2025-12-28,Z02,gas,0,881,aging_infra,17.449518,78.480759
OUT-000419,2025-12-30,Z05,gas,3.0,2173,aging_infra,17.459913,78.404765
OUT-000420,2025-12-30,Z01,power,2.7,3997,equipment_failure,17.464779,78.594135
OUT-000421,2025-12-31,Z07,water,7.3,1596,aging_infra,17.496808,78.559721
OUT-000422,2025-12-31,Z01,power,1.5,2921,aging_infra,17.48921,78.512213
